{
  "rit": "C-13786-2018",
  "metadata": {
    "processed_at": "2026-01-27T11:41:12.383Z",
    "total_movimientos": 0,
    "tiene_documentos_pdf": false,
    "tiene_demanda": false,
    "tiene_ebook": false
  },
  "config_entrada": {
    "causa_id": "11",
    "agenda_id": "75152",
    "competencia": "3",
    "corte": "90",
    "tribunal": "8",
    "tipoCausa": "C",
    "rol": "13786",
    "año": "2018",
    "caratulado": "PROMOTORA CMR FALABELLA S.A/YÁ",
    "cliente": null,
    "rut": null,
    "abogado_id": null,
    "cuenta_id": null
  },
  "datos_basicos": {
    "rol": "13786",
    "fecha": "09/05/2018",
    "caratulado": "ITAU CORPBANCA/HERNÁNDEZ"
  },
  "demanda": null,
  "ebook": null,
  "pdf_mapping": {},
  "cabecera": {
    "rit": "C-13786-2018",
    "fecha_ingreso": "09/05/2018",
    "caratulado": "ITAU CORPBANCA/HERNÁNDEZ",
    "juzgado": "4º Juzgado Civil de Santiago"
  },
  "estado_actual": {
    "estado": "SIN_INFORMACION",
    "etapa": null,
    "descripcion": "No hay movimientos disponibles",
    "ultimo_movimiento": null,
    "fecha_ultimo_movimiento": null
  },
  "movimientos": [],
  "partes": []
}