-- Script generado automáticamente para importar tribunales PJUD
-- Fecha extracción: 2026-01-16T16:04:00.620Z
-- Generado: 2026-01-20T15:00:19.081Z

SET NAMES utf8mb4;
SET FOREIGN_KEY_CHECKS = 0;

-- =============================================
-- TABLA: pjud_competencias
-- =============================================

DROP TABLE IF EXISTS pjud_competencias;
CREATE TABLE pjud_competencias (
  id INT PRIMARY KEY,
  nombre VARCHAR(100) NOT NULL,
  created_at TIMESTAMP DEFAULT CURRENT_TIMESTAMP
) ENGINE=InnoDB DEFAULT CHARSET=utf8mb4;

INSERT INTO pjud_competencias (id, nombre) VALUES
  (1, 'Corte Suprema'),
  (2, 'Corte Apelaciones'),
  (3, 'Civil'),
  (4, 'Laboral'),
  (5, 'Penal'),
  (6, 'Cobranza'),
  (7, 'Familia');

-- =============================================
-- TABLA: pjud_cortes
-- =============================================

DROP TABLE IF EXISTS pjud_cortes;
CREATE TABLE pjud_cortes (
  id INT PRIMARY KEY,
  competencia_id INT NOT NULL,
  nombre VARCHAR(150) NOT NULL,
  created_at TIMESTAMP DEFAULT CURRENT_TIMESTAMP,
  INDEX idx_competencia (competencia_id),
  FOREIGN KEY (competencia_id) REFERENCES pjud_competencias(id)
) ENGINE=InnoDB DEFAULT CHARSET=utf8mb4;

-- =============================================
-- TABLA: pjud_tribunales
-- =============================================

DROP TABLE IF EXISTS pjud_tribunales;
CREATE TABLE pjud_tribunales (
  id INT AUTO_INCREMENT PRIMARY KEY,
  pjud_id INT NOT NULL,
  corte_id INT NOT NULL,
  competencia_id INT NOT NULL,
  nombre VARCHAR(200) NOT NULL,
  disabled TINYINT(1) DEFAULT 0,
  created_at TIMESTAMP DEFAULT CURRENT_TIMESTAMP,
  UNIQUE KEY uk_tribunal_comp (pjud_id, competencia_id),
  INDEX idx_corte (corte_id),
  INDEX idx_competencia (competencia_id),
  INDEX idx_pjud_id (pjud_id),
  FOREIGN KEY (corte_id) REFERENCES pjud_cortes(id),
  FOREIGN KEY (competencia_id) REFERENCES pjud_competencias(id)
) ENGINE=InnoDB DEFAULT CHARSET=utf8mb4;

-- Insertar cortes
INSERT INTO pjud_cortes (id, competencia_id, nombre) VALUES
  (10, 1, 'C.A. de Arica'),
  (11, 1, 'C.A. de Iquique'),
  (15, 1, 'C.A. de Antofagasta'),
  (20, 1, 'C.A. de Copiapó'),
  (25, 1, 'C.A. de La Serena'),
  (30, 1, 'C.A. de Valparaíso'),
  (35, 1, 'C.A. de Rancagua'),
  (40, 1, 'C.A. de Talca'),
  (45, 1, 'C.A. de Chillan'),
  (46, 1, 'C.A. de Concepción'),
  (50, 1, 'C.A. de Temuco'),
  (55, 1, 'C.A. de Valdivia'),
  (56, 1, 'C.A. de Puerto Montt'),
  (60, 1, 'C.A. de Coyhaique'),
  (61, 1, 'C.A. de Punta Arenas'),
  (90, 1, 'C.A. de Santiago'),
  (91, 1, 'C.A. de San Miguel');

-- Insertar tribunales
INSERT INTO pjud_tribunales (pjud_id, corte_id, competencia_id, nombre, disabled) VALUES
  (2, 10, 1, '1º Juzgado de Letras de Arica', 0),
  (1400, 10, 1, '1º Juzgado De Letras de Arica ex 4°', 0),
  (3, 10, 1, '2º Juzgado de Letras de Arica', 0),
  (1401, 10, 1, '2º Juzgado De Letras de Arica ex 4°', 0),
  (4, 10, 1, '3º Juzgado de Letras de Arica', 0),
  (5, 10, 1, '3º Juzgado de Letras de Arica Ex 4º', 0),
  (6, 11, 1, 'Juzgado de Letras y Gar. Pozo Almonte', 0),
  (9, 11, 1, '1º Juzgado de Letras de Iquique', 0),
  (10, 11, 1, '2º Juzgado de Letras de Iquique', 0),
  (11, 11, 1, '3º Juzgado de Letras de Iquique', 0),
  (13, 15, 1, 'Juzgado de Letras Tocopilla', 0),
  (14, 15, 1, 'Juzgado de Letras y Gar.de María Elena', 0),
  (16, 15, 1, '1º Juzgado de Letras de Calama', 0),
  (17, 15, 1, '2º Juzgado de Letras de Calama', 0),
  (658, 15, 1, '3º Juzgado de Letras de Calama', 0),
  (26, 15, 1, 'Juzgado de Letras y Gar. de Taltal', 0),
  (1041, 15, 1, '1º Juzgado de Letras Civil de Antofagasta', 0),
  (1042, 15, 1, '2º Juzgado de Letras Civil de Antofagasta', 0),
  (1043, 15, 1, '3º Juzgado de Letras Civil de Antofagasta', 0),
  (1044, 15, 1, '4 ° Juzgado de Letras Civil de Antofagasta', 0),
  (1501, 15, 1, 'Juzgado de Letras y Garantía Mejillones', 0),
  (27, 20, 1, 'Juzgado de Letras y Gar. de Chañaral', 0),
  (29, 20, 1, 'Juzgado de Letras de Diego de Almagro', 0),
  (31, 20, 1, '1º Juzgado de Letras de Copiapó', 0),
  (32, 20, 1, '2º Juzgado de Letras de Copiapó', 0),
  (33, 20, 1, '3º Juzgado de Letras de Copiapó', 0),
  (34, 20, 1, 'Juzgado de Letras y Gar.de Freirina', 0),
  (926, 20, 1, '4º Juzgado de Letras de Copiapó', 0),
  (36, 20, 1, '1º Juzgado de Letras de Vallenar', 0),
  (37, 20, 1, '2º Juzgado de Letras de Vallenar', 0),
  (386, 20, 1, 'Juzgado de Letras y Gar.de Caldera', 0),
  (40, 25, 1, '1º Juzgado de Letras de la Serena', 0),
  (41, 25, 1, '2º Juzgado de Letras de la Serena', 0),
  (42, 25, 1, '3º Juzgado de Letras de la Serena', 0),
  (43, 25, 1, '1º Juzgado de Letras de Coquimbo', 0),
  (44, 25, 1, '2º Juzgado de Letras de Coquimbo', 0),
  (45, 25, 1, '3º Juzgado de Letras de Coquimbo', 0),
  (46, 25, 1, 'Juzgado de Letras de Vicuña', 0),
  (47, 25, 1, 'Juzgado de letras y garantía de Andacollo', 0),
  (48, 25, 1, '1º Juzgado de Letras de Ovalle', 0),
  (49, 25, 1, '2º Juzgado de Letras de Ovalle', 0),
  (50, 25, 1, '3º Juzgado de Letras de Ovalle', 0),
  (51, 25, 1, 'Juzgado de Letras y Gar.de Combarbalá', 0),
  (52, 25, 1, 'Juzgado de Letras de Illapel', 0),
  (53, 25, 1, 'Juzgado de Letras y Gar. de los Vilos', 0),
  (56, 30, 1, '1º Juzgado Civil de Valparaíso', 0),
  (55, 30, 1, '2º Juzgado Civil de Valparaíso', 0),
  (54, 30, 1, '3º Juzgado Civil de Valparaíso', 0),
  (59, 30, 1, '4º Juzgado Civil de Valparaíso', 0),
  (60, 30, 1, '5º Juzgado Civil de Valparaíso', 0),
  (57, 30, 1, '1º Juzgado Civil de Viña del Mar', 0),
  (58, 30, 1, '2º Juzgado Civil de Viña del Mar', 0),
  (61, 30, 1, '3º Juzgado Civil de Viña del Mar', 0),
  (83, 30, 1, '1º Juzgado de Letras de Quilpue', 0),
  (84, 30, 1, '2º Juzgado de Letras de Quilpue', 0),
  (85, 30, 1, 'Juzgado de Letras de Villa Alemana', 0),
  (86, 30, 1, 'Juzgado de Letras de Casablanca', 0),
  (87, 30, 1, 'Juzgado de Letras de La Ligua', 0),
  (88, 30, 1, 'Juzgado de Letras y Gar. de Petorca', 0),
  (89, 30, 1, '1º Juzgado de Letras de Los Andes', 0),
  (90, 30, 1, '2º Juzgado de Letras de Los Andes', 0),
  (92, 30, 1, '1º Juzgado de Letras de San Felipe', 0),
  (93, 30, 1, '1º Juzgado de Letras de San Felipe Ex 2º', 0),
  (94, 30, 1, 'Juzgado de Letras y Gar.de Putaendo', 0),
  (96, 30, 1, '1º Juzgado de Letras de Quillota', 0),
  (97, 30, 1, '2º Juzgado de Letras de Quillota', 0),
  (98, 30, 1, 'Juzgado de Letras de La Calera', 0),
  (99, 30, 1, 'Juzgado de Letras de Limache', 0),
  (101, 30, 1, '1º Juzgado de Letras de San Antonio', 0),
  (102, 30, 1, '2º Juzgado de Letras de San Antonio', 0),
  (103, 30, 1, 'Juzgado de Letras y Gar. de Isla de Pascua', 0),
  (660, 30, 1, 'Juzgado de Letras y Gar.de Quintero', 0),
  (110, 35, 1, '1º Juzgado Civil de Rancagua', 0),
  (969, 35, 1, '2º Juzgado Civil de Rancagua', 0),
  (111, 35, 1, '1º Juzgado de Letras de Rengo', 0),
  (113, 35, 1, 'Juzgado de Letras de San Vicente de Tagua Tagua', 0),
  (114, 35, 1, '1º Juzgado de Letras y Gar.de Peumo', 0),
  (115, 35, 1, '1º Juzgado de Letras de San Fernando', 0),
  (116, 35, 1, '2º Juzgado de Letras de San Fernando', 0),
  (117, 35, 1, '1º Juzgado de Letras de Santa Cruz', 0),
  (118, 35, 1, '1º Juzgado De Letras De Santa Cruz Ex 2°', 0),
  (119, 35, 1, 'Juzgado de Letras y Gar.de Pichilemu', 0),
  (1150, 35, 1, 'Juzgado de Letras y Gar.de Litueche', 0),
  (1151, 35, 1, 'Juzgado de Letras y Gar.de Peralillo', 0),
  (122, 40, 1, '1º Juzgado de Letras de Talca', 0),
  (123, 40, 1, '2º Juzgado de Letras de Talca', 0),
  (124, 40, 1, '3º Juzgado de Letras de Talca', 0),
  (125, 40, 1, '4º Juzgado de Letras de Talca', 0),
  (126, 40, 1, 'Juzgado de Letras de Constitución', 0),
  (127, 40, 1, 'Juzgado De Letras Y Gar. de Curepto', 0),
  (129, 40, 1, '1º Juzgado de Letras de Curicó', 0),
  (130, 40, 1, '2º Juzgado de Letras de Curicó', 0),
  (131, 40, 1, '2º Juzgado de Letras de Curicó Ex 3°', 0),
  (132, 40, 1, 'Juzgado De Letras Y Gar. de Licantén', 0),
  (133, 40, 1, 'Juzgado de Letras de Molina', 0),
  (135, 40, 1, '1º Juzgado de Letras de Linares', 0),
  (136, 40, 1, '2º Juzgado de Letras de Linares', 0),
  (138, 40, 1, 'Juzgado de Letras de San Javier', 0),
  (139, 40, 1, 'Juzgado de Letras de Cauquenes', 0),
  (140, 40, 1, 'Juzgado de Letras y Gar. de Chanco', 0);

INSERT INTO pjud_tribunales (pjud_id, corte_id, competencia_id, nombre, disabled) VALUES
  (141, 40, 1, 'Juzgado de Letras de Parral', 0),
  (145, 45, 1, '1º Juzgado Civil de Chillán', 0),
  (146, 45, 1, '2º Juzgado Civil de Chillán', 0),
  (147, 45, 1, '1º Juzgado de Letras de San Carlos', 0),
  (149, 45, 1, 'Juzgado de Letras de Yungay', 0),
  (150, 45, 1, 'Juzgado de Letras y Gar. de Bulnes', 0),
  (151, 45, 1, 'Juzgado de Letras y Gar.de Coelemu', 0),
  (152, 45, 1, 'Juzgado de Letras y Gar.de Quirihue', 0),
  (154, 46, 1, '1º Juzgado de Letras de Los Angeles', 0),
  (155, 46, 1, '2º Juzgado de Letras de Los Angeles', 0),
  (156, 46, 1, '2° Juzgado de Letras de Los Angeles ex 3°', 0),
  (157, 46, 1, 'Juzgado de Letras y Gar. de Mulchen', 0),
  (158, 46, 1, 'Juzgado de Letras y Gar.de Nacimiento', 0),
  (159, 46, 1, 'Juzgado de Letras y Gar.de Laja', 0),
  (160, 46, 1, 'Juzgado de Letras y Gar.de Yumbel', 0),
  (161, 46, 1, '1º Juzgado Civil de Concepción', 0),
  (162, 46, 1, '2º Juzgado Civil de Concepción', 0),
  (163, 46, 1, '3º Juzgado Civil de Concepción', 0),
  (179, 46, 1, '1º Juzgado Civil de Talcahuano', 0),
  (180, 46, 1, '2º Juzgado Civil de Talcahuano', 0),
  (187, 46, 1, 'Juzgado de Letras de Tomé', 0),
  (188, 46, 1, 'Juzgado de Letras y Gar.de Florida', 0),
  (189, 46, 1, 'Juzgado de Letras y Gar.de Santa Juana', 0),
  (190, 46, 1, 'Juzgado de Letras y Gar. de Lota', 0),
  (191, 46, 1, '1º Juzgado de Letras de Coronel', 0),
  (192, 46, 1, '2º Juzgado de Letras de Coronel', 0),
  (193, 46, 1, 'Juzgado de Letras y Gar.de Lebu', 0),
  (194, 46, 1, 'Juzgado de Letras de Arauco', 0),
  (195, 46, 1, 'Juzgado de Letras y Gar.de Curanilahue', 0),
  (196, 46, 1, 'Juzgado de Letras de Cañete', 0),
  (385, 46, 1, 'Juzgado de Letras y Gar. Santa Bárbara', 0),
  (1152, 46, 1, 'Juzgado de Letras y Gar.de Cabrero', 0),
  (197, 50, 1, '1º Juzgado Civil de Temuco', 0),
  (198, 50, 1, '2º Juzgado Civil de Temuco', 0),
  (204, 50, 1, 'Juzgado de Letras de Angol', 0),
  (206, 50, 1, 'Juzgado de Letras y Gar.de Collipulli', 0),
  (207, 50, 1, 'Juzgado de Letras y Gar.de Traiguén', 0),
  (208, 50, 1, 'Juzgado de Letras de Victoria', 0),
  (209, 50, 1, 'Juzgado de Letras y Gar.de Curacautin', 0),
  (210, 50, 1, 'Juzgado de Letras Loncoche', 0),
  (211, 50, 1, 'Juzgado de Letras de Pitrufquen', 0),
  (212, 50, 1, 'Juzgado de Letras de Villarrica', 0),
  (213, 50, 1, 'Juzgado de Letras de Nueva Imperial', 0),
  (214, 50, 1, 'Juzgado de Letras y Gar.de Pucón', 0),
  (215, 50, 1, 'Juzgado de Letras de Lautaro', 0),
  (216, 50, 1, 'Juzgado de Letras y Gar.de Carahue', 0),
  (406, 50, 1, '3º Juzgado Civil de Temuco', 0),
  (946, 50, 1, 'Juzgado de Letras y Gar.de Tolten', 0),
  (947, 50, 1, 'Juzgado de Letras y Gar.de Puren', 0),
  (220, 55, 1, '1º Juzgado Civil de Valdivia', 0),
  (221, 55, 1, '2º Juzgado Civil de Valdivia', 0),
  (222, 55, 1, 'Juzgado de Letras de Mariquina', 0),
  (223, 55, 1, 'Juzgado de Letras y Gar.de Paillaco', 0),
  (224, 55, 1, 'Juzgado de Letras Los Lagos', 0),
  (225, 55, 1, 'Juzgado de Letras y Gar. de Panguipulli', 0),
  (226, 55, 1, 'Juzgado de Letras y Gar.de la Unión', 0),
  (227, 55, 1, 'Juzgado de Letras y Gar.de Río Bueno', 0),
  (229, 55, 1, '1º Juzgado de Letras de Osorno', 0),
  (230, 55, 1, '2º Juzgado de Letras de Osorno', 0),
  (233, 55, 1, 'Juzgado de Letras de Rio Negro', 0),
  (237, 56, 1, '1º Juzgado Civil de Puerto Montt', 0),
  (1012, 56, 1, '2º Juzgado Civil de Puerto Montt', 0),
  (238, 56, 1, 'Juzgado de Letras de Puerto Varas', 0),
  (240, 56, 1, 'Juzgado de Letras y Gar.de Calbuco', 0),
  (241, 56, 1, 'Juzgado de Letras y Gar. de Maullin', 0),
  (242, 56, 1, 'Juzgado de Letras de Castro', 0),
  (243, 56, 1, 'Juzgado de Letras de Ancud', 0),
  (244, 56, 1, 'Juzgado de Letras y Garantía de Achao', 0),
  (245, 56, 1, 'Juzgado de Letras y Gar. de Chaitén', 0),
  (659, 56, 1, 'Juzgado de Letras y Gar. de Los Muermos', 0),
  (662, 56, 1, 'Juzgado de Letras y Gar. de Quellón', 0),
  (1013, 56, 1, 'Juzgado de Letras y Gar. de Hualaihue', 0),
  (246, 60, 1, '1º Juzgado de Letras de Coyhaique', 0),
  (247, 60, 1, '1º Juzgado de Letras de Coyhaique Ex 2º', 0),
  (248, 60, 1, 'Juzgado de Letras y Gar.de pto.Aysen', 0),
  (249, 60, 1, 'Juzgado de Letras y Gar.de Chile Chico', 0),
  (250, 60, 1, 'Juzgado de Letras y Gar.de Cochrane', 0),
  (996, 60, 1, 'Juzgado de Letras y Gar.de Puerto Cisnes', 0),
  (253, 61, 1, '1º Juzgado de Letras de Punta Arenas', 0),
  (254, 61, 1, '2º Juzgado de Letras de Punta Arenas', 0),
  (255, 61, 1, '3º Juzgado de Letras de Punta Arenas', 0),
  (257, 61, 1, 'Juzgado de Letras y Gar. de Puerto Natales', 0),
  (258, 61, 1, 'Juzgado de Letras y Gar.de Porvenir', 0),
  (1502, 61, 1, 'Juzgado de Letras y Garantía de Cabo de Hornos', 0),
  (259, 90, 1, '1º Juzgado Civil de Santiago', 0),
  (260, 90, 1, '2º Juzgado Civil de Santiago', 0),
  (261, 90, 1, '3º Juzgado Civil de Santiago', 0),
  (262, 90, 1, '4º Juzgado Civil de Santiago', 0),
  (263, 90, 1, '5º Juzgado Civil de Santiago', 0),
  (264, 90, 1, '6º Juzgado Civil de Santiago', 0),
  (265, 90, 1, '7º Juzgado Civil de Santiago', 0),
  (266, 90, 1, '8º Juzgado Civil de Santiago', 0),
  (267, 90, 1, '9º Juzgado Civil de Santiago', 0),
  (268, 90, 1, '10º Juzgado Civil de Santiago', 0),
  (269, 90, 1, '11º Juzgado Civil de Santiago', 0),
  (270, 90, 1, '12º Juzgado Civil de Santiago', 0),
  (271, 90, 1, '13º Juzgado Civil de Santiago', 0),
  (272, 90, 1, '14º Juzgado Civil de Santiago', 0),
  (273, 90, 1, '15º Juzgado Civil de Santiago', 0),
  (274, 90, 1, '16º Juzgado Civil de Santiago', 0);

INSERT INTO pjud_tribunales (pjud_id, corte_id, competencia_id, nombre, disabled) VALUES
  (275, 90, 1, '17º Juzgado Civil de Santiago', 0),
  (276, 90, 1, '18º Juzgado Civil de Santiago', 0),
  (277, 90, 1, '19º Juzgado Civil de Santiago', 0),
  (278, 90, 1, '20º Juzgado Civil de Santiago', 0),
  (279, 90, 1, '21º Juzgado Civil de Santiago', 0),
  (280, 90, 1, '22º Juzgado Civil de Santiago', 0),
  (281, 90, 1, '23º Juzgado Civil de Santiago', 0),
  (282, 90, 1, '24º Juzgado Civil de Santiago', 0),
  (283, 90, 1, '25º Juzgado Civil de Santiago', 0),
  (284, 90, 1, '26º Juzgado Civil de Santiago', 0),
  (285, 90, 1, '27º Juzgado Civil de Santiago', 0),
  (286, 90, 1, '28º Juzgado Civil de Santiago', 0),
  (287, 90, 1, '29º Juzgado Civil de Santiago', 0),
  (288, 90, 1, '30º Juzgado Civil de Santiago', 0),
  (387, 90, 1, 'Juzgado de Letras de Colina', 0),
  (343, 91, 1, '1º Juzgado Civil de San Miguel', 0),
  (344, 91, 1, '2º Juzgado Civil de San Miguel', 0),
  (345, 91, 1, '3º Juzgado Civil de San Miguel', 0),
  (390, 91, 1, '4º Juzgado Civil de San Miguel', 0),
  (364, 91, 1, '1º Juzgado Civil de Puente Alto', 0),
  (373, 91, 1, '1º Juzgado De Letras De Talagante', 0),
  (374, 91, 1, '2º Juzgado De Letras De Talagante', 0),
  (375, 91, 1, '1º Juzgado de Letras de Melipilla', 0),
  (377, 91, 1, '1º Juzgado de Letras de Buin', 0),
  (378, 91, 1, '2º Juzgado de Letras de Buin', 0),
  (388, 91, 1, 'Juzgado de Letras de Peñaflor', 0),
  (400, 91, 1, '1º Juzgado de Letras de San Bernardo', 0),
  (1402, 91, 1, '1º Juzgado de Letras de San Bernardo Ex 3°', 0),
  (401, 91, 1, '2º Juzgado de Letras de San Bernardo', 0),
  (1403, 91, 1, '2º Juzgado de Letras de San Bernardo Ex 3°', 0),
  (2, 10, 3, '1º Juzgado de Letras de Arica', 0),
  (1400, 10, 3, '1º Juzgado De Letras de Arica ex 4°', 0),
  (3, 10, 3, '2º Juzgado de Letras de Arica', 0),
  (1401, 10, 3, '2º Juzgado De Letras de Arica ex 4°', 0),
  (4, 10, 3, '3º Juzgado de Letras de Arica', 0),
  (5, 10, 3, '3º Juzgado de Letras de Arica Ex 4º', 0),
  (6, 11, 3, 'Juzgado de Letras y Gar. Pozo Almonte', 0),
  (9, 11, 3, '1º Juzgado de Letras de Iquique', 0),
  (10, 11, 3, '2º Juzgado de Letras de Iquique', 0),
  (11, 11, 3, '3º Juzgado de Letras de Iquique', 0),
  (13, 15, 3, 'Juzgado de Letras Tocopilla', 0),
  (14, 15, 3, 'Juzgado de Letras y Gar.de María Elena', 0),
  (16, 15, 3, '1º Juzgado de Letras de Calama', 0),
  (17, 15, 3, '2º Juzgado de Letras de Calama', 0),
  (658, 15, 3, '3º Juzgado de Letras de Calama', 0),
  (26, 15, 3, 'Juzgado de Letras y Gar. de Taltal', 0),
  (1041, 15, 3, '1º Juzgado de Letras Civil de Antofagasta', 0),
  (1042, 15, 3, '2º Juzgado de Letras Civil de Antofagasta', 0),
  (1043, 15, 3, '3º Juzgado de Letras Civil de Antofagasta', 0),
  (1044, 15, 3, '4 ° Juzgado de Letras Civil de Antofagasta', 0),
  (1501, 15, 3, 'Juzgado de Letras y Garantía Mejillones', 0),
  (27, 20, 3, 'Juzgado de Letras y Gar. de Chañaral', 0),
  (29, 20, 3, 'Juzgado de Letras de Diego de Almagro', 0),
  (31, 20, 3, '1º Juzgado de Letras de Copiapó', 0),
  (32, 20, 3, '2º Juzgado de Letras de Copiapó', 0),
  (33, 20, 3, '3º Juzgado de Letras de Copiapó', 0),
  (34, 20, 3, 'Juzgado de Letras y Gar.de Freirina', 0),
  (926, 20, 3, '4º Juzgado de Letras de Copiapó', 0),
  (36, 20, 3, '1º Juzgado de Letras de Vallenar', 0),
  (37, 20, 3, '2º Juzgado de Letras de Vallenar', 0),
  (386, 20, 3, 'Juzgado de Letras y Gar.de Caldera', 0),
  (40, 25, 3, '1º Juzgado de Letras de la Serena', 0),
  (41, 25, 3, '2º Juzgado de Letras de la Serena', 0),
  (42, 25, 3, '3º Juzgado de Letras de la Serena', 0),
  (43, 25, 3, '1º Juzgado de Letras de Coquimbo', 0),
  (44, 25, 3, '2º Juzgado de Letras de Coquimbo', 0),
  (45, 25, 3, '3º Juzgado de Letras de Coquimbo', 0),
  (46, 25, 3, 'Juzgado de Letras de Vicuña', 0),
  (47, 25, 3, 'Juzgado de letras y garantía de Andacollo', 0),
  (48, 25, 3, '1º Juzgado de Letras de Ovalle', 0),
  (49, 25, 3, '2º Juzgado de Letras de Ovalle', 0),
  (50, 25, 3, '3º Juzgado de Letras de Ovalle', 0),
  (51, 25, 3, 'Juzgado de Letras y Gar.de Combarbalá', 0),
  (52, 25, 3, 'Juzgado de Letras de Illapel', 0),
  (53, 25, 3, 'Juzgado de Letras y Gar. de los Vilos', 0),
  (56, 30, 3, '1º Juzgado Civil de Valparaíso', 0),
  (55, 30, 3, '2º Juzgado Civil de Valparaíso', 0),
  (54, 30, 3, '3º Juzgado Civil de Valparaíso', 0),
  (59, 30, 3, '4º Juzgado Civil de Valparaíso', 0),
  (60, 30, 3, '5º Juzgado Civil de Valparaíso', 0),
  (57, 30, 3, '1º Juzgado Civil de Viña del Mar', 0),
  (58, 30, 3, '2º Juzgado Civil de Viña del Mar', 0),
  (61, 30, 3, '3º Juzgado Civil de Viña del Mar', 0),
  (83, 30, 3, '1º Juzgado de Letras de Quilpue', 0),
  (84, 30, 3, '2º Juzgado de Letras de Quilpue', 0),
  (85, 30, 3, 'Juzgado de Letras de Villa Alemana', 0),
  (86, 30, 3, 'Juzgado de Letras de Casablanca', 0),
  (87, 30, 3, 'Juzgado de Letras de La Ligua', 0),
  (88, 30, 3, 'Juzgado de Letras y Gar. de Petorca', 0),
  (89, 30, 3, '1º Juzgado de Letras de Los Andes', 0),
  (90, 30, 3, '2º Juzgado de Letras de Los Andes', 0),
  (92, 30, 3, '1º Juzgado de Letras de San Felipe', 0),
  (93, 30, 3, '1º Juzgado de Letras de San Felipe Ex 2º', 0),
  (94, 30, 3, 'Juzgado de Letras y Gar.de Putaendo', 0),
  (96, 30, 3, '1º Juzgado de Letras de Quillota', 0),
  (97, 30, 3, '2º Juzgado de Letras de Quillota', 0),
  (98, 30, 3, 'Juzgado de Letras de La Calera', 0),
  (99, 30, 3, 'Juzgado de Letras de Limache', 0),
  (101, 30, 3, '1º Juzgado de Letras de San Antonio', 0),
  (102, 30, 3, '2º Juzgado de Letras de San Antonio', 0);

INSERT INTO pjud_tribunales (pjud_id, corte_id, competencia_id, nombre, disabled) VALUES
  (103, 30, 3, 'Juzgado de Letras y Gar. de Isla de Pascua', 0),
  (660, 30, 3, 'Juzgado de Letras y Gar.de Quintero', 0),
  (110, 35, 3, '1º Juzgado Civil de Rancagua', 0),
  (969, 35, 3, '2º Juzgado Civil de Rancagua', 0),
  (111, 35, 3, '1º Juzgado de Letras de Rengo', 0),
  (113, 35, 3, 'Juzgado de Letras de San Vicente de Tagua Tagua', 0),
  (114, 35, 3, '1º Juzgado de Letras y Gar.de Peumo', 0),
  (115, 35, 3, '1º Juzgado de Letras de San Fernando', 0),
  (116, 35, 3, '2º Juzgado de Letras de San Fernando', 0),
  (117, 35, 3, '1º Juzgado de Letras de Santa Cruz', 0),
  (118, 35, 3, '1º Juzgado De Letras De Santa Cruz Ex 2°', 0),
  (119, 35, 3, 'Juzgado de Letras y Gar.de Pichilemu', 0),
  (1150, 35, 3, 'Juzgado de Letras y Gar.de Litueche', 0),
  (1151, 35, 3, 'Juzgado de Letras y Gar.de Peralillo', 0),
  (122, 40, 3, '1º Juzgado de Letras de Talca', 0),
  (123, 40, 3, '2º Juzgado de Letras de Talca', 0),
  (124, 40, 3, '3º Juzgado de Letras de Talca', 0),
  (125, 40, 3, '4º Juzgado de Letras de Talca', 0),
  (126, 40, 3, 'Juzgado de Letras de Constitución', 0),
  (127, 40, 3, 'Juzgado De Letras Y Gar. de Curepto', 0),
  (129, 40, 3, '1º Juzgado de Letras de Curicó', 0),
  (130, 40, 3, '2º Juzgado de Letras de Curicó', 0),
  (131, 40, 3, '2º Juzgado de Letras de Curicó Ex 3°', 0),
  (132, 40, 3, 'Juzgado De Letras Y Gar. de Licantén', 0),
  (133, 40, 3, 'Juzgado de Letras de Molina', 0),
  (135, 40, 3, '1º Juzgado de Letras de Linares', 0),
  (136, 40, 3, '2º Juzgado de Letras de Linares', 0),
  (138, 40, 3, 'Juzgado de Letras de San Javier', 0),
  (139, 40, 3, 'Juzgado de Letras de Cauquenes', 0),
  (140, 40, 3, 'Juzgado de Letras y Gar. de Chanco', 0),
  (141, 40, 3, 'Juzgado de Letras de Parral', 0),
  (145, 45, 3, '1º Juzgado Civil de Chillán', 0),
  (146, 45, 3, '2º Juzgado Civil de Chillán', 0),
  (147, 45, 3, '1º Juzgado de Letras de San Carlos', 0),
  (149, 45, 3, 'Juzgado de Letras de Yungay', 0),
  (150, 45, 3, 'Juzgado de Letras y Gar. de Bulnes', 0),
  (151, 45, 3, 'Juzgado de Letras y Gar.de Coelemu', 0),
  (152, 45, 3, 'Juzgado de Letras y Gar.de Quirihue', 0),
  (154, 46, 3, '1º Juzgado de Letras de Los Angeles', 0),
  (155, 46, 3, '2º Juzgado de Letras de Los Angeles', 0),
  (156, 46, 3, '2° Juzgado de Letras de Los Angeles ex 3°', 0),
  (157, 46, 3, 'Juzgado de Letras y Gar. de Mulchen', 0),
  (158, 46, 3, 'Juzgado de Letras y Gar.de Nacimiento', 0),
  (159, 46, 3, 'Juzgado de Letras y Gar.de Laja', 0),
  (160, 46, 3, 'Juzgado de Letras y Gar.de Yumbel', 0),
  (161, 46, 3, '1º Juzgado Civil de Concepción', 0),
  (162, 46, 3, '2º Juzgado Civil de Concepción', 0),
  (163, 46, 3, '3º Juzgado Civil de Concepción', 0),
  (179, 46, 3, '1º Juzgado Civil de Talcahuano', 0),
  (180, 46, 3, '2º Juzgado Civil de Talcahuano', 0),
  (187, 46, 3, 'Juzgado de Letras de Tomé', 0),
  (188, 46, 3, 'Juzgado de Letras y Gar.de Florida', 0),
  (189, 46, 3, 'Juzgado de Letras y Gar.de Santa Juana', 0),
  (190, 46, 3, 'Juzgado de Letras y Gar. de Lota', 0),
  (191, 46, 3, '1º Juzgado de Letras de Coronel', 0),
  (192, 46, 3, '2º Juzgado de Letras de Coronel', 0),
  (193, 46, 3, 'Juzgado de Letras y Gar.de Lebu', 0),
  (194, 46, 3, 'Juzgado de Letras de Arauco', 0),
  (195, 46, 3, 'Juzgado de Letras y Gar.de Curanilahue', 0),
  (196, 46, 3, 'Juzgado de Letras de Cañete', 0),
  (385, 46, 3, 'Juzgado de Letras y Gar. Santa Bárbara', 0),
  (1152, 46, 3, 'Juzgado de Letras y Gar.de Cabrero', 0),
  (197, 50, 3, '1º Juzgado Civil de Temuco', 0),
  (198, 50, 3, '2º Juzgado Civil de Temuco', 0),
  (204, 50, 3, 'Juzgado de Letras de Angol', 0),
  (206, 50, 3, 'Juzgado de Letras y Gar.de Collipulli', 0),
  (207, 50, 3, 'Juzgado de Letras y Gar.de Traiguén', 0),
  (208, 50, 3, 'Juzgado de Letras de Victoria', 0),
  (209, 50, 3, 'Juzgado de Letras y Gar.de Curacautin', 0),
  (210, 50, 3, 'Juzgado de Letras Loncoche', 0),
  (211, 50, 3, 'Juzgado de Letras de Pitrufquen', 0),
  (212, 50, 3, 'Juzgado de Letras de Villarrica', 0),
  (213, 50, 3, 'Juzgado de Letras de Nueva Imperial', 0),
  (214, 50, 3, 'Juzgado de Letras y Gar.de Pucón', 0),
  (215, 50, 3, 'Juzgado de Letras de Lautaro', 0),
  (216, 50, 3, 'Juzgado de Letras y Gar.de Carahue', 0),
  (406, 50, 3, '3º Juzgado Civil de Temuco', 0),
  (946, 50, 3, 'Juzgado de Letras y Gar.de Tolten', 0),
  (947, 50, 3, 'Juzgado de Letras y Gar.de Puren', 0),
  (220, 55, 3, '1º Juzgado Civil de Valdivia', 0),
  (221, 55, 3, '2º Juzgado Civil de Valdivia', 0),
  (222, 55, 3, 'Juzgado de Letras de Mariquina', 0),
  (223, 55, 3, 'Juzgado de Letras y Gar.de Paillaco', 0),
  (224, 55, 3, 'Juzgado de Letras Los Lagos', 0),
  (225, 55, 3, 'Juzgado de Letras y Gar. de Panguipulli', 0),
  (226, 55, 3, 'Juzgado de Letras y Gar.de la Unión', 0),
  (227, 55, 3, 'Juzgado de Letras y Gar.de Río Bueno', 0),
  (229, 55, 3, '1º Juzgado de Letras de Osorno', 0),
  (230, 55, 3, '2º Juzgado de Letras de Osorno', 0),
  (233, 55, 3, 'Juzgado de Letras de Rio Negro', 0),
  (237, 56, 3, '1º Juzgado Civil de Puerto Montt', 0),
  (1012, 56, 3, '2º Juzgado Civil de Puerto Montt', 0),
  (238, 56, 3, 'Juzgado de Letras de Puerto Varas', 0),
  (240, 56, 3, 'Juzgado de Letras y Gar.de Calbuco', 0),
  (241, 56, 3, 'Juzgado de Letras y Gar. de Maullin', 0),
  (242, 56, 3, 'Juzgado de Letras de Castro', 0),
  (243, 56, 3, 'Juzgado de Letras de Ancud', 0),
  (244, 56, 3, 'Juzgado de Letras y Garantía de Achao', 0),
  (245, 56, 3, 'Juzgado de Letras y Gar. de Chaitén', 0),
  (659, 56, 3, 'Juzgado de Letras y Gar. de Los Muermos', 0);

INSERT INTO pjud_tribunales (pjud_id, corte_id, competencia_id, nombre, disabled) VALUES
  (662, 56, 3, 'Juzgado de Letras y Gar. de Quellón', 0),
  (1013, 56, 3, 'Juzgado de Letras y Gar. de Hualaihue', 0),
  (246, 60, 3, '1º Juzgado de Letras de Coyhaique', 0),
  (247, 60, 3, '1º Juzgado de Letras de Coyhaique Ex 2º', 0),
  (248, 60, 3, 'Juzgado de Letras y Gar.de pto.Aysen', 0),
  (249, 60, 3, 'Juzgado de Letras y Gar.de Chile Chico', 0),
  (250, 60, 3, 'Juzgado de Letras y Gar.de Cochrane', 0),
  (996, 60, 3, 'Juzgado de Letras y Gar.de Puerto Cisnes', 0),
  (253, 61, 3, '1º Juzgado de Letras de Punta Arenas', 0),
  (254, 61, 3, '2º Juzgado de Letras de Punta Arenas', 0),
  (255, 61, 3, '3º Juzgado de Letras de Punta Arenas', 0),
  (257, 61, 3, 'Juzgado de Letras y Gar. de Puerto Natales', 0),
  (258, 61, 3, 'Juzgado de Letras y Gar.de Porvenir', 0),
  (1502, 61, 3, 'Juzgado de Letras y Garantía de Cabo de Hornos', 0),
  (259, 90, 3, '1º Juzgado Civil de Santiago', 0),
  (260, 90, 3, '2º Juzgado Civil de Santiago', 0),
  (261, 90, 3, '3º Juzgado Civil de Santiago', 0),
  (262, 90, 3, '4º Juzgado Civil de Santiago', 0),
  (263, 90, 3, '5º Juzgado Civil de Santiago', 0),
  (264, 90, 3, '6º Juzgado Civil de Santiago', 0),
  (265, 90, 3, '7º Juzgado Civil de Santiago', 0),
  (266, 90, 3, '8º Juzgado Civil de Santiago', 0),
  (267, 90, 3, '9º Juzgado Civil de Santiago', 0),
  (268, 90, 3, '10º Juzgado Civil de Santiago', 0),
  (269, 90, 3, '11º Juzgado Civil de Santiago', 0),
  (270, 90, 3, '12º Juzgado Civil de Santiago', 0),
  (271, 90, 3, '13º Juzgado Civil de Santiago', 0),
  (272, 90, 3, '14º Juzgado Civil de Santiago', 0),
  (273, 90, 3, '15º Juzgado Civil de Santiago', 0),
  (274, 90, 3, '16º Juzgado Civil de Santiago', 0),
  (275, 90, 3, '17º Juzgado Civil de Santiago', 0),
  (276, 90, 3, '18º Juzgado Civil de Santiago', 0),
  (277, 90, 3, '19º Juzgado Civil de Santiago', 0),
  (278, 90, 3, '20º Juzgado Civil de Santiago', 0),
  (279, 90, 3, '21º Juzgado Civil de Santiago', 0),
  (280, 90, 3, '22º Juzgado Civil de Santiago', 0),
  (281, 90, 3, '23º Juzgado Civil de Santiago', 0),
  (282, 90, 3, '24º Juzgado Civil de Santiago', 0),
  (283, 90, 3, '25º Juzgado Civil de Santiago', 0),
  (284, 90, 3, '26º Juzgado Civil de Santiago', 0),
  (285, 90, 3, '27º Juzgado Civil de Santiago', 0),
  (286, 90, 3, '28º Juzgado Civil de Santiago', 0),
  (287, 90, 3, '29º Juzgado Civil de Santiago', 0),
  (288, 90, 3, '30º Juzgado Civil de Santiago', 0),
  (387, 90, 3, 'Juzgado de Letras de Colina', 0),
  (343, 91, 3, '1º Juzgado Civil de San Miguel', 0),
  (344, 91, 3, '2º Juzgado Civil de San Miguel', 0),
  (345, 91, 3, '3º Juzgado Civil de San Miguel', 0),
  (390, 91, 3, '4º Juzgado Civil de San Miguel', 0),
  (364, 91, 3, '1º Juzgado Civil de Puente Alto', 0),
  (373, 91, 3, '1º Juzgado De Letras De Talagante', 0),
  (374, 91, 3, '2º Juzgado De Letras De Talagante', 0),
  (375, 91, 3, '1º Juzgado de Letras de Melipilla', 0),
  (377, 91, 3, '1º Juzgado de Letras de Buin', 0),
  (378, 91, 3, '2º Juzgado de Letras de Buin', 0),
  (388, 91, 3, 'Juzgado de Letras de Peñaflor', 0),
  (400, 91, 3, '1º Juzgado de Letras de San Bernardo', 0),
  (1402, 91, 3, '1º Juzgado de Letras de San Bernardo Ex 3°', 0),
  (401, 91, 3, '2º Juzgado de Letras de San Bernardo', 0),
  (1403, 91, 3, '2º Juzgado de Letras de San Bernardo Ex 3°', 0),
  (1333, 10, 4, 'Juzgado de Letras del Trabajo de Arica', 0),
  (6, 11, 4, 'Juzgado de Letras y Garantía de Pozo Almonte', 0),
  (1334, 11, 4, 'Juzgado de Letras del Trabajo de Iquique', 0),
  (1500, 11, 4, 'Juzgado de Letras y Garantía de Alto Hospicio', 0),
  (13, 15, 4, 'Juzgado de Letras de Tocopilla', 0),
  (14, 15, 4, 'Juzgado de Letras y Garantía de María Elena', 0),
  (26, 15, 4, 'Juzgado de Letras y Garantía de Taltal', 0),
  (1335, 15, 4, 'Juzgado de Letras del Trabajo de Antofagasta', 0),
  (1357, 15, 4, 'Juzgado de Letras del Trabajo de Calama', 0),
  (1501, 15, 4, 'Juzgado de Letras de Mejillones', 0),
  (27, 20, 4, 'Juzgado de Letras y Garantia de Chañaral', 0),
  (29, 20, 4, 'Juzgado de Letras de Diego de Almagro', 0),
  (34, 20, 4, 'Juzgado de Letras y Garantía de Freirina', 0),
  (36, 20, 4, '1° Juzgado de Letras de Vallenar', 0),
  (37, 20, 4, '2° Juzgado de Letras de Vallenar', 0),
  (386, 20, 4, 'Juzgado de Letras y Garantía de Caldera', 0),
  (1336, 20, 4, 'Juzgado de Letras del Trabajo de Copiapó', 0),
  (46, 25, 4, 'Juzgado de Letras de Vicuña', 0),
  (47, 25, 4, 'Juzgado de Letras y Garantía de Andacollo', 0),
  (48, 25, 4, '1º Juzgado de Letras de Ovalle', 0),
  (49, 25, 4, '2º Juzgado de Letras de Ovalle', 0),
  (50, 25, 4, '3° Juzgado de Letras de Ovalle', 0),
  (51, 25, 4, 'Juzgado de Letras y Garantía de Combarbalá', 0),
  (52, 25, 4, 'Juzgado de Letras de Illapel', 0),
  (53, 25, 4, 'Juzgado de Letras y Garantía de los Vilos', 0),
  (1337, 25, 4, 'Juzgado de Letras del Trabajo de La Serena', 0),
  (83, 30, 4, '1º Juzgado de Letras de Quilpue', 0),
  (84, 30, 4, '2º Juzgado de Letras de Quilpue', 0),
  (85, 30, 4, 'Juzgado de Letras de Villa Alemana', 0),
  (86, 30, 4, 'Juzgado de Letras de Casablanca', 0),
  (87, 30, 4, 'Juzgado de Letras de La Ligua', 0),
  (88, 30, 4, 'Juzgado de Letras y Garantía de Petorca', 0),
  (89, 30, 4, '1º Juzgado de Letras de Los Andes', 0),
  (90, 30, 4, '2º Juzgado de Letras de Los Andes', 0),
  (94, 30, 4, 'Juzgado de Letras y Garantía de Putaendo', 0),
  (96, 30, 4, '1º Juzgado de Letras de Quillota', 0),
  (97, 30, 4, '2º Juzgado de Letras de Quillota', 0),
  (98, 30, 4, 'Juzgado de Letras de La Calera', 0),
  (99, 30, 4, 'Juzgado de Letras de Limache', 0),
  (101, 30, 4, '1° Juzgado de Letras de San Antonio', 0);

INSERT INTO pjud_tribunales (pjud_id, corte_id, competencia_id, nombre, disabled) VALUES
  (102, 30, 4, '2° Juzgado de Letras de San Antonio', 0),
  (103, 30, 4, 'Juzgado de Letras y Garantía de Isla de Pascua', 0),
  (660, 30, 4, 'Juzgado de Letras y Garantía de Quintero', 0),
  (1338, 30, 4, 'Juzgado de Letras del Trabajo de Valparaíso', 0),
  (1358, 30, 4, 'Juzgado de Letras del Trabajo de San Felipe', 0),
  (111, 35, 4, '1º Juzgado de Letras de Rengo', 0),
  (113, 35, 4, 'Juzgado de Letras de San Vicente', 0),
  (114, 35, 4, '1º Juzgado de Letras y Garantia de Peumo', 0),
  (115, 35, 4, '1º Juzgado de Letras de San Fernando', 0),
  (116, 35, 4, '2º Juzgado de Letras de San Fernando', 0),
  (117, 35, 4, '1º Juzgado de Letras de Santa Cruz', 0),
  (119, 35, 4, 'Juzgado de Letras y Garantia de Pichilemu', 0),
  (1150, 35, 4, 'Juzgado de Letras y Garantia de Litueche', 0),
  (1151, 35, 4, 'Juzgado de Letras y Garantia de Peralillo', 0),
  (1339, 35, 4, 'Juzgado de Letras del Trabajo de Rancagua', 0),
  (126, 40, 4, 'Juzgado de Letras de Constitución', 0),
  (127, 40, 4, 'Juzgado de Letras y Garantía de Curepto', 0),
  (132, 40, 4, 'Juzgado de Letras y Garantía de Licantén', 0),
  (133, 40, 4, 'Juzgado de Letras de Molina', 0),
  (135, 40, 4, '1° Juzgado de Letras de Linares', 0),
  (136, 40, 4, '2° Juzgado de Letras de Linares', 0),
  (138, 40, 4, 'Juzgado de Letras de San Javier', 0),
  (139, 40, 4, 'Juzgado de Letras de Cauquenes', 0),
  (140, 40, 4, 'Juzgado de Letras y Garantía de Chanco', 0),
  (141, 40, 4, 'Juzgado de Letras de Parral', 0),
  (1340, 40, 4, 'Juzgado de Letras del Trabajo de Curicó', 0),
  (1341, 40, 4, 'Juzgado de Letras del Trabajo de Talca', 0),
  (147, 45, 4, '1° Juzgado de Letras de San Carlos', 0),
  (149, 45, 4, 'Juzgado de Letras de Yungay', 0),
  (150, 45, 4, 'Juzgado de Letras y Garantía de Bulnes', 0),
  (151, 45, 4, 'Juzgado de Letras y Garantía de Coelemu', 0),
  (152, 45, 4, 'Juzgado de Letras y Garantía de Quirihue', 0),
  (1342, 45, 4, 'Juzgado de Letras del Trabajo de Chillán', 0),
  (157, 46, 4, 'Juzgado de Letras y Garantía de Mulchén', 0),
  (158, 46, 4, 'Juzgado de Letras y Garantía de Nacimiento', 0),
  (159, 46, 4, 'Juzgado de Letras y Garantía de Laja', 0),
  (160, 46, 4, 'Juzgado de Letras y Garantía de Yumbel', 0),
  (187, 46, 4, 'Juzgado de Letras de Tomé', 0),
  (188, 46, 4, 'Juzgado de Letras y Garantía de Florida', 0),
  (189, 46, 4, 'Juzgado de Letras y Garantía de Santa Juana', 0),
  (190, 46, 4, 'Juzgado de Letras y Garantía de Lota', 0),
  (191, 46, 4, '1er Juzgado de Letras de Coronel', 0),
  (192, 46, 4, '2do Juzgado de Letras de Coronel', 0),
  (193, 46, 4, 'Juzgado de Letras y Garantía de Lebu', 0),
  (194, 46, 4, 'Juzgado de Letras de Arauco', 0),
  (195, 46, 4, 'Juzgado de Letras y Garantía de Curanilahue', 0),
  (196, 46, 4, 'Juzgado de Letras de Cañete', 0),
  (385, 46, 4, 'Juzgado de Letras y Garantía de Santa Bárbara', 0),
  (1152, 46, 4, 'Juzgado de Letras y Garantía de Cabrero', 0),
  (1343, 46, 4, 'Juzgado de Letras del Trabajo de Concepción', 0),
  (1359, 46, 4, 'Juzgado de Letras del Trabajo de Los Angeles', 0),
  (204, 50, 4, '1º Juzgado de Letras de Angol', 0),
  (206, 50, 4, 'Juzgado de Letras y Garantía de Collipulli', 0),
  (207, 50, 4, 'Juzgado de Letras y Garantía de Traiguen', 0),
  (208, 50, 4, 'Juzgado de Letras de Victoria', 0),
  (209, 50, 4, 'Juzgado de Letras y Garantía de Curacautín', 0),
  (210, 50, 4, 'Juzgado de Letras de Loncoche', 0),
  (211, 50, 4, 'Juzgado de Letras de Pitrufquén', 0),
  (212, 50, 4, 'Juzgado de Letras de Villarrica', 0),
  (213, 50, 4, 'Juzgado de Letras de Nueva Imperial', 0),
  (214, 50, 4, 'Juzgado de Letras y Garantía de Pucón', 0),
  (215, 50, 4, 'Juzgado de Letras de Lautaro', 0),
  (216, 50, 4, 'Juzgado de Letras y Garantía de Carahue', 0),
  (946, 50, 4, 'Juzgado de Letras y Garantía de Toltén', 0),
  (947, 50, 4, 'Juzgado de Letras y Garantía de Purén', 0),
  (1344, 50, 4, 'Juzgado de Letras del Trabajo de Temuco', 0),
  (222, 55, 4, 'Juzgado de Letras de Mariquina', 0),
  (223, 55, 4, 'Juzgado de Letras y Garantía de Paillaco', 0),
  (224, 55, 4, 'Juzgado de Letras de Los Lagos', 0),
  (225, 55, 4, 'Juzgado de Letras y Garantía de Panguipulli', 0),
  (226, 55, 4, 'Juzgado de Letras y Garantía de La Unión', 0),
  (227, 55, 4, 'Juzgado de Letras y Garantía de Río Bueno', 0),
  (1345, 55, 4, 'Juzgado de Letras del Trabajo de Valdivia', 0),
  (1360, 55, 4, 'Juzgado de Letras del Trabajo de Osorno', 0),
  (238, 56, 4, '1º Juzgado de Letras de Puerto Varas', 0),
  (240, 56, 4, 'Juzgado de Letras y Garantía de Calbuco', 0),
  (241, 56, 4, 'Juzgado de Letras y Garantía de Maullín', 0),
  (243, 56, 4, 'Juzgado de Letras de Ancud', 0),
  (244, 56, 4, 'Juzgado de Letras y Garantía de Achao', 0),
  (245, 56, 4, 'Juzgado de Letras y Garantía de Chaitén', 0),
  (659, 56, 4, 'Juzgado de Letras y Garantía de Los Muermos', 0),
  (1013, 56, 4, 'Juzgado de Letras y Garantía de Hualaihue', 0),
  (1346, 56, 4, 'Juzgado de Letras del Trabajo de Puerto Montt', 0),
  (1361, 56, 4, 'Juzgado de Letras del Trabajo de Castro', 0),
  (248, 60, 4, 'Juzgado de Letras y Garantía de Aysén', 0),
  (249, 60, 4, 'Juzgado de Letras y Garantía de Chile Chico', 0),
  (250, 60, 4, 'Juzgado de Letras y Garantía de Cochrane', 0),
  (996, 60, 4, 'Juzgado de Letras y Garantía de Puerto Cisnes', 0),
  (1362, 60, 4, 'Juzgado de Letras del Trabajo de Coyhaique', 0),
  (257, 61, 4, 'Juzgado de Letras y Garantía de Puerto Natales', 0),
  (258, 61, 4, 'Juzgado de Letras y Garantía de Porvenir', 0),
  (1347, 61, 4, 'Juzgado de Letras del Trabajo de Punta Arenas', 0),
  (1502, 61, 4, 'Juzgado de Letras de Cabo de Hornos', 0),
  (387, 90, 4, 'Juzgado de Letras de Colina', 0),
  (1348, 90, 4, '1º Juzgado de Letras del Trabajo de Santiago', 0),
  (1349, 90, 4, '2º Juzgado de Letras del Trabajo de Santiago', 0),
  (373, 91, 4, '1° Juzgado de Letras de Talagante', 0),
  (374, 91, 4, '2do Juzgado de Letras de Talagante', 0),
  (375, 91, 4, '1er Juzgado de Letras de Melipilla', 0),
  (377, 91, 4, '1er Juzgado de Letras de Buin', 0);

INSERT INTO pjud_tribunales (pjud_id, corte_id, competencia_id, nombre, disabled) VALUES
  (378, 91, 4, '2do Juzgado de Letras de Buin', 0),
  (388, 91, 4, 'Juzgado de Letras de Peñaflor', 0),
  (1351, 91, 4, 'Juzgado de Letras del Trabajo de San Miguel', 0),
  (1352, 91, 4, 'Juzgado de Letras del Trabajo de San Bernardo', 0),
  (1363, 91, 4, 'Juzgado de Letras del Trabajo de Puente Alto', 0),
  (988, 10, 5, 'Tribunal De Juicio Oral En Lo Penal De Arica.', 0),
  (992, 10, 5, 'Juzgado De Garantía De Arica.', 0),
  (6, 11, 5, 'Juzgado De Letras Y Garantía De Pozo Almonte.', 0),
  (989, 11, 5, 'Tribunal De Juicio Oral En Lo Penal De Iquique.', 0),
  (993, 11, 5, 'Juzgado De Garantía De Iquique.', 0),
  (1500, 11, 5, 'Juzgado De Letras Y Garantia De Alto Hospicio', 0),
  (14, 15, 5, 'Juzgado De Letras Y Garantía De María Elena.', 0),
  (26, 15, 5, 'Juzgado De Letras Y Garantía De Taltal.', 0),
  (948, 15, 5, 'Tribunal De Juicio Oral En Lo Penal De Calama.', 0),
  (949, 15, 5, 'Tribunal De Juicio Oral En Lo Penal De Antofagasta.', 0),
  (950, 15, 5, 'Juzgado De Garantía De Tocopilla.', 0),
  (951, 15, 5, 'Juzgado De Garantía De Calama.', 0),
  (952, 15, 5, 'Juzgado De Garantía De Antofagasta.', 0),
  (1501, 15, 5, 'Juzgado De Letras Y Garantia De Mejillones', 0),
  (27, 20, 5, 'Juzgado De Letras Y Garantía De Chañaral.', 0),
  (34, 20, 5, 'Juzgado De Letras Y Garantía De Freirina.', 0),
  (386, 20, 5, 'Juzgado De Letras Y Garantía De Caldera.', 0),
  (953, 20, 5, 'Tribunal De Juicio Oral En Lo Penal De Copiapo.', 0),
  (954, 20, 5, 'Juzgado De Garantía De Diego De Almagro.', 0),
  (955, 20, 5, 'Juzgado De Garantía De Copiapo.', 0),
  (956, 20, 5, 'Juzgado De Garantía De Vallenar.', 0),
  (47, 25, 5, 'Juzgado De Letras Y Garantía De Andacollo.', 0),
  (51, 25, 5, 'Juzgado De Letras Y Garantía De Combarbala.', 0),
  (53, 25, 5, 'Juzgado De Letras Y Garantía De Los Vilos.', 0),
  (927, 25, 5, 'Tribunal De Juicio Oral En Lo Penal De La Serena.', 0),
  (928, 25, 5, 'Tribunal De Juicio Oral En Lo Penal De Ovalle.', 0),
  (929, 25, 5, 'Juzgado De Garantía De La Serena.', 0),
  (930, 25, 5, 'Juzgado De Garantía De Coquimbo.', 0),
  (931, 25, 5, 'Juzgado De Garantía De Vicuña.', 0),
  (932, 25, 5, 'Juzgado De Garantía De Ovalle.', 0),
  (933, 25, 5, 'Juzgado De Garantía De Illapel.', 0),
  (88, 30, 5, 'Juzgado De Letras Y Garantía De Petorca.', 0),
  (94, 30, 5, 'Juzgado De Letras Y Garantía De Putaendo.', 0),
  (103, 30, 5, 'Juzgado De Letras Y Garantía De Isla De Pascua.', 0),
  (660, 30, 5, 'Juzgado De Letras Y Garantía De Quintero.', 0),
  (1045, 30, 5, 'Juzgado De Garantía De Valparaíso.', 0),
  (1046, 30, 5, 'Juzgado De Garantia De Viña Del Mar.', 0),
  (1047, 30, 5, 'Juzgado De Garantía De Quilpué.', 0),
  (1048, 30, 5, 'Tribunal De Juicio Oral En Lo Penal Viña Del Mar.', 0),
  (1049, 30, 5, 'Juzgado De Garantía De San Antonio.', 0),
  (1050, 30, 5, 'Juzgado De Garantía De Casablanca.', 0),
  (1051, 30, 5, 'Juzgado De Garantía De La Ligua.', 0),
  (1052, 30, 5, 'Juzgado De Garantía De San Felipe.', 0),
  (1053, 30, 5, 'Tribunal De Juicio Oral En Lo Penal De Quillota.', 0),
  (1054, 30, 5, 'Tribunal De Juicio Oral En Lo Penal De Valparaíso.', 0),
  (1055, 30, 5, 'Juzgado De Garantía De Limache.', 0),
  (1056, 30, 5, 'Juzgado De Garantía De La Calera.', 0),
  (1057, 30, 5, 'Juzgado De Garantía De Quillota.', 0),
  (1058, 30, 5, 'Tribunal De Juicio Oral En Lo Penal De Los Andes.', 0),
  (1059, 30, 5, 'Tribunal De Juicio Oral En Lo Penal De San Felipe.', 0),
  (1060, 30, 5, 'Juzgado De Garantía De Los Andes.', 0),
  (1061, 30, 5, 'Juzgado De Garantía De Villa Alemana.', 0),
  (1062, 30, 5, 'Tribunal De Juicio Oral En Lo Penal San Antonio.', 0),
  (114, 35, 5, '1º Juzgado De Letras Y Garantía De Peumo.', 0),
  (119, 35, 5, 'Juzgado De Letras Y Garantía De Pichilemu.', 0),
  (1063, 35, 5, 'Juzgado De Garantía De San Fernando.', 0),
  (1064, 35, 5, 'Tribunal De Juicio Oral En Lo Penal De Santa Cruz.', 0),
  (1065, 35, 5, 'Juzgado De Garantía De Santa Cruz.', 0),
  (1067, 35, 5, 'Juzgado De Garantía De Rengo.', 0),
  (1068, 35, 5, 'Tribunal De Juicio Oral En Lo Penal San Fernando.', 0),
  (1069, 35, 5, 'Juzgado De Garantía De Graneros.', 0),
  (1070, 35, 5, 'Juzgado De Garantía De Rancagua.', 0),
  (1071, 35, 5, 'Tribunal De Juicio Oral En Lo Penal De Rancagua.', 0),
  (1097, 35, 5, 'Juzgado De Garantía De San Vicente De Tagua-Tagua.', 0),
  (1150, 35, 5, 'Juzgado De Letras Y Garantía De Litueche.', 0),
  (1151, 35, 5, 'Juzgado De Letras Y Garantía De Peralillo.', 0),
  (127, 40, 5, 'Juzgado De Letras Y Garantía De Curepto.', 0),
  (132, 40, 5, 'Juzgado De Letras Y Garantía De Licanten.', 0),
  (140, 40, 5, 'Juzgado De Letras Y Garantía De Chanco.', 0),
  (957, 40, 5, 'Tribunal De Juicio Oral En Lo Penal De Curico.', 0),
  (958, 40, 5, 'Tribunal De Juicio Oral En Lo Penal De Talca.', 0),
  (959, 40, 5, 'Tribunal De Juicio Oral En Lo Penal De Linares.', 0),
  (960, 40, 5, 'Tribunal De Juicio Oral En Lo Penal De Cauquenes.', 0),
  (961, 40, 5, 'Juzgado De Garantía De Curico.', 0),
  (962, 40, 5, 'Juzgado De Garantía De Molina.', 0),
  (963, 40, 5, 'Juzgado De Garantía De Constitución.', 0),
  (964, 40, 5, 'Juzgado De Garantía De Talca.', 0),
  (965, 40, 5, 'Juzgado De Garantía De San Javier.', 0),
  (966, 40, 5, 'Juzgado De Garantía De Cauquenes.', 0),
  (967, 40, 5, 'Juzgado De Garantía De Linares.', 0),
  (968, 40, 5, 'Juzgado De Garantía De Parral.', 0),
  (150, 45, 5, 'Juzgado De Letras Y Garantía De Bulnes.', 0),
  (151, 45, 5, 'Juzgado De Letras Y Garantía De Coelemu.', 0),
  (152, 45, 5, 'Juzgado De Letras Y Garantía De Quirihue.', 0),
  (1072, 45, 5, 'Juzgado De Garantía De Chillán.', 0),
  (1073, 45, 5, 'Juzgado De Garantía De Yungay.', 0),
  (1074, 45, 5, 'Juzgado De Garantía De San Carlos.', 0),
  (1093, 45, 5, 'Tribunal De Juicio Oral En Lo Penal De Chillán.', 0),
  (157, 46, 5, 'Juzgado De Letras Y Garantía De Mulchen.', 0),
  (158, 46, 5, 'Juzgado De Letras Y Garantía De Nacimiento.', 0),
  (159, 46, 5, 'Juzgado De Letras Y Garantía De Laja.', 0),
  (160, 46, 5, 'Juzgado De Letras Y Garantía De Yumbel.', 0),
  (188, 46, 5, 'Juzgado De Letras Y Garantía De Florida.', 0),
  (189, 46, 5, 'Juzgado De Letras Y Garantía De Santa Juana.', 0),
  (190, 46, 5, 'Juzgado De Letras Y Garantía De Lota.', 0);

INSERT INTO pjud_tribunales (pjud_id, corte_id, competencia_id, nombre, disabled) VALUES
  (193, 46, 5, 'Juzgado De Letras Y Garantía De Lebu.', 0),
  (195, 46, 5, 'Juzgado De Letras Y Garantía De Curanilahue.', 0),
  (385, 46, 5, 'Juzgado De Letras Y Garantía De Santa Barbara.', 0),
  (1075, 46, 5, 'Juzgado De Garantía De San Pedro De La Paz.', 0),
  (1076, 46, 5, 'Juzgado De Garantía De Cañete.', 0),
  (1077, 46, 5, 'Juzgado De Garantía De Arauco.', 0),
  (1078, 46, 5, 'Juzgado De Garantía De Coronel.', 0),
  (1079, 46, 5, 'Juzgado De Garantía De Tomé.', 0),
  (1080, 46, 5, 'Juzgado De Garantía De Talcahuano.', 0),
  (1081, 46, 5, 'Juzgado De Garantía De Chiguayante.', 0),
  (1082, 46, 5, 'Juzgado De Garantía De Concepción.', 0),
  (1083, 46, 5, 'Juzgado De Garantía De Los Angeles.', 0),
  (1094, 46, 5, 'Tribunal De Juicio Oral En Lo Penal De Concepción.', 0),
  (1152, 46, 5, 'Juzgado De Letras Y Garantía De Cabrero.', 0),
  (1325, 46, 5, 'Tribunal Oral En Lo Penal De Los Angeles', 0),
  (1326, 46, 5, 'Tribunal Oral En Lo Penal De Cañete', 0),
  (206, 50, 5, 'Juzgado De Letras Y Garantía De Collipulli.', 0),
  (207, 50, 5, 'Juzgado De Letras Y Garantía De Traiguen.', 0),
  (209, 50, 5, 'Juzgado De Letras Y Garantía De Curacautin.', 0),
  (214, 50, 5, 'Juzgado De Letras Y Garantía De Pucon.', 0),
  (216, 50, 5, 'Juzgado De Letras Y Garantía De Carahue.', 0),
  (934, 50, 5, 'Tribunal De Juicio Oral En Lo Penal De Temuco.', 0),
  (935, 50, 5, 'Tribunal De Juicio Oral En Lo Penal De Angol.', 0),
  (936, 50, 5, 'Tribunal De Juicio Oral En Lo Penal De Villarrica.', 0),
  (937, 50, 5, 'Juzgado De Garantía De Temuco.', 0),
  (938, 50, 5, 'Juzgado De Garantía De Pitrufquen.', 0),
  (939, 50, 5, 'Juzgado De Garantía De Villarrica.', 0),
  (940, 50, 5, 'Juzgado De Garantía De Angol.', 0),
  (941, 50, 5, 'Juzgado De Garantía De Victoria.', 0),
  (942, 50, 5, 'Juzgado De Garantía De Nueva Imperial.', 0),
  (943, 50, 5, 'Juzgado De Garantía De Lautaro.', 0),
  (944, 50, 5, 'Juzgado De Garantía De Loncoche.', 0),
  (946, 50, 5, 'Juzgado De Letras Y Garantía De Tolten.', 0),
  (947, 50, 5, 'Juzgado De Letras Y Garantía De Puren.', 0),
  (223, 55, 5, 'Juzgado De Letras Y Garantía De Paillaco.', 0),
  (225, 55, 5, 'Juzgado De Letras Y Garantía De Panguipulli.', 0),
  (226, 55, 5, 'Juzgado De Letras Y Garantia De La Union.', 0),
  (227, 55, 5, 'Juzgado De Letras Y Garantía De Río Bueno.', 0),
  (1084, 55, 5, 'Juzgado De Garantía De Valdivia.', 0),
  (1085, 55, 5, 'Juzgado De Garantía De Mariquina.', 0),
  (1086, 55, 5, 'Juzgado De Garantía De Los Lagos.', 0),
  (1087, 55, 5, 'Juzgado De Garantía De Río Negro.', 0),
  (1088, 55, 5, 'Juzgado De Garantía De Osorno.', 0),
  (1095, 55, 5, 'Tribunal De Juicio Oral En Lo Penal De Valdivia.', 0),
  (1251, 55, 5, 'Tribunal De Juicio Oral En Lo Penal De Osorno', 0),
  (240, 56, 5, 'Juzgado De Letras Y Garantía De Calbuco.', 0),
  (241, 56, 5, 'Juzgado De Letras Y Garantía De Maullin.', 0),
  (244, 56, 5, 'Juzgado De Letras Y Garantía De Achao.', 0),
  (245, 56, 5, 'Juzgado De Letras Y Garantía De Chaiten.', 0),
  (659, 56, 5, 'Juzgado De Letras Y Garantía De Los Muermos.', 0),
  (662, 56, 5, 'Juzgado De Letras Y Garantía De Quellon.', 0),
  (1013, 56, 5, 'Juzgado De Letras Y Garantía De Hualaihue', 0),
  (1089, 56, 5, 'Juzgado De Garantía De Castro.', 0),
  (1090, 56, 5, 'Juzgado De Garantía De Puerto Montt.', 0),
  (1091, 56, 5, 'Juzgado De Garantía De Puerto Varas.', 0),
  (1092, 56, 5, 'Juzgado De Garantía De Ancud.', 0),
  (1096, 56, 5, 'Tribunal De Juicio Oral En Lo Penal Puerto Montt.', 0),
  (1328, 56, 5, 'Tribunal Oral En Lo Penal De Castro', 0),
  (248, 60, 5, 'Juzgado De Letras Y Garantía De Puerto Aysen.', 0),
  (249, 60, 5, 'Juzgado De Letras Y Garantía De Chile Chico.', 0),
  (250, 60, 5, 'Juzgado De Letras Y Garantía De Cochrane.', 0),
  (990, 60, 5, 'Tribunal De Juicio Oral En Lo Penal De Coyhaique.', 0),
  (994, 60, 5, 'Juzgado De Garantía De Coyhaique.', 0),
  (996, 60, 5, 'Juzgado De Letras Y Garantía De Cisnes.', 0),
  (257, 61, 5, 'Juzgado De Letras Y Garantía De Puerto Natales.', 0),
  (258, 61, 5, 'Juzgado De Letras Y Garantía De Porvenir.', 0),
  (991, 61, 5, 'Tribunal De Juicio Oral En Lo Penal Punta Arenas.', 0),
  (995, 61, 5, 'Juzgado De Garantía De Punta Arenas.', 0),
  (1502, 61, 5, 'Juzgado De Letras Y Garantia De Cabo De Hornos', 0),
  (1220, 90, 5, '1º Juzgado De Garantía De Santiago', 0),
  (1221, 90, 5, '2º Juzgado De Garantía De Santiago', 0),
  (1222, 90, 5, '3º Juzgado De Garantía De Santiago', 0),
  (1223, 90, 5, '4º Juzgado De Garantía De Santiago', 0),
  (1224, 90, 5, '5º Juzgado De Garantía De Santiago', 0),
  (1225, 90, 5, '6º Juzgado De Garantía De Santiago', 0),
  (1226, 90, 5, '7º Juzgado De Garantía De Santiago', 0),
  (1227, 90, 5, '8º Juzgado De Garantía De Santiago', 0),
  (1228, 90, 5, '9º Juzgado De Garantía De Santiago', 0),
  (1232, 90, 5, '13º Juzgado De Garantía De Santiago', 0),
  (1233, 90, 5, '14º Juzgado De Garantía De Santiago', 0),
  (1235, 90, 5, 'Juzgado De Garantía De Colina', 0),
  (1244, 90, 5, '1º Tribunal De Juicio Oral En Lo Penal De Santiago', 0),
  (1245, 90, 5, '2º Tribunal De Juicio Oral En Lo Penal De Santiago', 0),
  (1246, 90, 5, '3º Tribunal De Juicio Oral En Lo Penal De Santiago', 0),
  (1247, 90, 5, '4º Tribunal De Juicio Oral En Lo Penal De Santiago', 0),
  (1248, 90, 5, '5º Tribunal De Juicio Oral En Lo Penal De Santiago', 0),
  (1250, 90, 5, '7º Tribunal De Juicio Oral En Lo Penal De Santiago', 0),
  (1321, 90, 5, 'Tribunal De Juicio Oral En Lo Penal Colina', 0),
  (8010, 90, 5, 'Coordinacion', 0),
  (1229, 91, 5, '10º Juzgado De Garantía De Santiago', 0),
  (1230, 91, 5, '11º Juzgado De Garantía De Santiago', 0),
  (1231, 91, 5, '12º Juzgado De Garantía De Santiago', 0),
  (1234, 91, 5, '15º Juzgado De Garantía De Santiago', 0),
  (1236, 91, 5, 'Juzgado De Garantía De Puente Alto', 0),
  (1237, 91, 5, 'Juzgado De Garantía De San Bernardo', 0),
  (1238, 91, 5, 'Juzgado De Garantía De Melipilla', 0),
  (1239, 91, 5, 'Juzgado De Garantía De Curacaví', 0),
  (1240, 91, 5, 'Juzgado De Garantía De Talagante', 0),
  (1249, 91, 5, '6º Tribunal De Juicio Oral En Lo Penal De Santiago', 0),
  (1320, 91, 5, 'Tribunal De Juicio Oral En Lo Penal Talagante', 0);

INSERT INTO pjud_tribunales (pjud_id, corte_id, competencia_id, nombre, disabled) VALUES
  (1322, 91, 5, 'Tribunal De Juicio Oral En Lo Penal Puente Alto', 0),
  (1323, 91, 5, 'Tribunal De Juicio Oral En Lo Penal San Bernardo', 0),
  (1355, 91, 5, 'Tribunal De Juicio Oral En Lo Penal De Melipilla', 0),
  (1333, 10, 6, 'Jdo. de Letras del Trabajo de arica', 0),
  (6, 11, 6, 'Jdo. de Letras y Garantía de Pozo Almonte', 0),
  (1334, 11, 6, 'Jdo. de Letras del Trabajo de Iquique', 0),
  (1500, 11, 6, 'Jdo. de Letras de Alto Hospicio', 0),
  (13, 15, 6, 'Juzgado de Letras de Tocopilla', 0),
  (14, 15, 6, 'Juzgado de Letras y Garantía de Maria Elena', 0),
  (26, 15, 6, 'Jdo. de Letras y Garantia de Taltal', 0),
  (1335, 15, 6, 'Jdo. de Letras del Trabajo de Antofagasta', 0),
  (1357, 15, 6, 'Jdo. de Letras del Trabajo de Calama', 0),
  (1501, 15, 6, 'Jdo. de Letras y Garantía de Mejillones', 0),
  (27, 20, 6, 'Jdo. de Letras y Garantia de Chañaral', 0),
  (29, 20, 6, 'Juzgado de Letras de Diego de Almagro', 0),
  (34, 20, 6, 'Juzgado de Letras y Garantia de Freirina', 0),
  (36, 20, 6, '1º Juzgado de Letras de Vallenar', 0),
  (37, 20, 6, '2º Juzgado de Letras de Vallenar', 0),
  (386, 20, 6, 'Juzgado de Letras y Garantia de Caldera', 0),
  (1336, 20, 6, 'Jdo. de Letras del Trabajo de Copiapo', 0),
  (46, 25, 6, 'Juzgado de Letras de Vicuña', 0),
  (47, 25, 6, 'Juzgado de Letras y Garantía de Andacollo', 0),
  (48, 25, 6, '1º Juzgado de Letras de Ovalle', 0),
  (49, 25, 6, '2º Juzgado de Letras de Ovalle', 0),
  (50, 25, 6, '3º Juzgado de Letras de Ovalle', 0),
  (51, 25, 6, 'Juzgado de Letras y Garantía de Combarbalá', 0),
  (52, 25, 6, 'Juzgado de Letras de Illapel', 0),
  (53, 25, 6, 'Juzgado de Letras y Garantia de los Vilos', 0),
  (1337, 25, 6, 'Jdo. de Letras del Trabajo de La Serena', 0),
  (83, 30, 6, '1º Juzgado de Letras de Quilpue', 0),
  (84, 30, 6, '2º Juzgado de Letras de Quilpue', 0),
  (85, 30, 6, 'Jdo. de Letras de Villa Alemana', 0),
  (86, 30, 6, 'Juzgado de Letras de CasaBlanca', 0),
  (87, 30, 6, 'Jdo. de Letras de La Ligua', 0),
  (88, 30, 6, 'Juzgado de Letras y Garantía de Petorca', 0),
  (89, 30, 6, '1º Juzgado de Letras de los Andes', 0),
  (90, 30, 6, '2º Juzgado de Letras de los Andes', 0),
  (94, 30, 6, 'Juzgado de Letras y Garantia de Putaendo', 0),
  (96, 30, 6, '1º Juzgado de Letras de Quillota', 0),
  (97, 30, 6, '2º Juzgado de Letras de Quillota', 0),
  (98, 30, 6, 'Jdo. de Letras de La Calera', 0),
  (99, 30, 6, 'Juzgado de Letras de Limache', 0),
  (101, 30, 6, '1º Juzgado de Letras de San Antonio', 0),
  (102, 30, 6, '2º Juzgado de Letras de San Antonio', 0),
  (103, 30, 6, 'Juzgado de Letras y Garantía de Isla de Pascua', 0),
  (660, 30, 6, 'Juzgado de Letras y Garantia de Quintero', 0),
  (1331, 30, 6, 'Jdo. Cob. Laboral y Previsional de Valparaíso', 0),
  (1358, 30, 6, 'Jdo. de Letras del Trabajo de San Felipe', 0),
  (111, 35, 6, 'Jdo. de Letras de Rengo', 0),
  (113, 35, 6, 'Jdo. de Letras de San Vicente', 0),
  (114, 35, 6, 'Jdo. de Letras y Garantia de Peumo', 0),
  (115, 35, 6, '1°Jdo. de Letras de San Fernando', 0),
  (116, 35, 6, '2°Jdo. de Letras de San Fernando', 0),
  (117, 35, 6, 'Jdo. de Letras de Santa Cruz', 0),
  (119, 35, 6, 'Jdo. de Letras y Garantia de Pichilemu', 0),
  (1150, 35, 6, 'Jdo. de Letras y Garantia de Litueche', 0),
  (1151, 35, 6, 'Jdo. de Letras y Garantia de Peralillo', 0),
  (1339, 35, 6, 'Jdo. de Letras del Trabajo de Rancagua', 0),
  (126, 40, 6, 'Jdo. de Letras de Constitución', 0),
  (127, 40, 6, 'Juzgado de Letras y Garantía de Curepto', 0),
  (132, 40, 6, 'Juzgado de Letras y Garantía de Licanten', 0),
  (133, 40, 6, 'Juzgado de Letras de Molina', 0),
  (135, 40, 6, '1º Juzgado de Letras de Linares', 0),
  (136, 40, 6, '2º Juzgado de Letras de Linares', 0),
  (138, 40, 6, 'Juzgado de Letras de San Javier', 0),
  (139, 40, 6, 'Juzgado de Letras de Cauquenes', 0),
  (140, 40, 6, 'Juzgado de Letras y Garantía de Chanco', 0),
  (141, 40, 6, 'Juzgado de Letras de Parral', 0),
  (1340, 40, 6, 'Jdo. de Letras del Trabajo de Curicó', 0),
  (1341, 40, 6, 'Jdo. de Letras del Trabajo de Talca', 0),
  (147, 45, 6, '1º Juzgado de Letras de San Carlos', 0),
  (149, 45, 6, 'Juzgado de Letras de Yungay', 0),
  (150, 45, 6, 'Juzgado de Letras y Garantía de Bulnes', 0),
  (151, 45, 6, 'Juzgado de Letras y Garantía de Coelemu', 0),
  (152, 45, 6, 'Juzgado de Letras y Garantia de Quirihue', 0),
  (1342, 45, 6, 'Juzgado de Letras del Trabajo de Chillan', 0),
  (157, 46, 6, 'Juzgado de Letras y Garantía de Mulchen', 0),
  (158, 46, 6, 'Juzgado de Letras y Garantía de Nacimiento', 0),
  (159, 46, 6, 'Juzgado de Letras y Garantía de Laja', 0),
  (160, 46, 6, 'Juzgado de Letras y Garantía de Yumbel', 0),
  (187, 46, 6, 'Juzgado de Letras de Tome', 0),
  (188, 46, 6, 'Juzgado de Letras y Garantía de Florida', 0),
  (189, 46, 6, 'Juzgado de Letras y Garantía de Santa Juana', 0),
  (190, 46, 6, 'Juzgado de Letras y Garantía de Lota', 0),
  (191, 46, 6, '1° Juzgado de Letras de Coronel', 0),
  (192, 46, 6, '2° Juzgado de Letras de Coronel', 0),
  (193, 46, 6, 'Juzgado de Letras y Garantía de Lebu', 0),
  (194, 46, 6, 'Juzgado de Letras de Arauco', 0),
  (195, 46, 6, 'Juzgado de Letras y Garantía de Curanilahue', 0),
  (196, 46, 6, 'Juzgado de Letras de Cañete', 0),
  (385, 46, 6, 'Juzgado de Letras y Garantía de Santa Barbara', 0),
  (1152, 46, 6, 'Juzgado de Letras y Garantía de Cabrero', 0),
  (1332, 46, 6, 'Jdo. Cob. Laboral y Previsional de Concepción', 0),
  (1359, 46, 6, 'Jdo. de Letras del Trabajo de Los Ángeles', 0),
  (204, 50, 6, '1°Jdo. de Letras de angol', 0),
  (206, 50, 6, 'Juzgado de Letras y Garantia de Collipulli', 0),
  (207, 50, 6, 'Juzgado de Letras y Garantía de Traiguen', 0),
  (208, 50, 6, 'Juzgado de Letras de Victoria', 0),
  (209, 50, 6, 'Juzgado de Letras y Garantía de Curacautín', 0),
  (210, 50, 6, 'Juzgado de Letras de Loncoche', 0);

INSERT INTO pjud_tribunales (pjud_id, corte_id, competencia_id, nombre, disabled) VALUES
  (211, 50, 6, 'Juzgado de Letras de Pitrufquen', 0),
  (212, 50, 6, 'Juzgado de Letras de Villarrica', 0),
  (213, 50, 6, 'Juzgado de Letras de Nueva Imperial', 0),
  (214, 50, 6, 'Juzgado de Letras y Garantia de Pucón', 0),
  (215, 50, 6, 'Juzgado de Letras de Lautaro', 0),
  (216, 50, 6, 'Juzgado de Letras y Garantía de Carahue', 0),
  (946, 50, 6, 'Juzgado de Letras y Garantia de Tolten', 0),
  (947, 50, 6, 'Juzgado de Letras y Garantia de Puren', 0),
  (1344, 50, 6, 'Jdo. de Letras del Trabajo de Temuco', 0),
  (222, 55, 6, 'Jdo. de Letras de Mariquina', 0),
  (223, 55, 6, 'Juzgado de Letras y Garantia de Paillaco', 0),
  (224, 55, 6, 'Juzgado de Letras de Los Lagos', 0),
  (225, 55, 6, 'Juzgado de Letras y Garantia de Panguipulli', 0),
  (226, 55, 6, 'Jdo. de Letras y Garantía de La Unión', 0),
  (227, 55, 6, 'Juzgado de Letras y Garantia de Rio Bueno', 0),
  (1345, 55, 6, 'Jdo. de Letras del Trabajo de Valdivia', 0),
  (1360, 55, 6, 'Jdo. de Letras del Trabajo de Osorno', 0),
  (238, 56, 6, '1º Juzgado de Letras de Puerto Varas', 0),
  (240, 56, 6, 'Juzgado de Letras y Garantía de Calbuco', 0),
  (241, 56, 6, 'Juzgado de Letras y Garantía de Maullin', 0),
  (243, 56, 6, 'Juzgado de Letras de Ancud', 0),
  (244, 56, 6, 'Juzgado de Letras y Garantía de Achao', 0),
  (245, 56, 6, 'Juzgado de Letras y Garantia de Chaiten', 0),
  (659, 56, 6, 'Juzgado de Letras y Garantia de Los Muermo', 0),
  (1013, 56, 6, 'Juzgado de Letras y Garantía de Hualaihue', 0),
  (1346, 56, 6, 'Jdo. de Letras del Trabajo de Puerto Montt', 0),
  (1361, 56, 6, 'Jdo. de Letras del Trabajo de Castro', 0),
  (248, 60, 6, 'Jdo. de Letras de Letras y Garantia de Aysen', 0),
  (249, 60, 6, 'Juzgado de Letras y Garantia de Chile Chico', 0),
  (250, 60, 6, 'Juzgado de Letras y Garantia de Cochrane', 0),
  (996, 60, 6, 'Juzgado de Letras y Garantia de Puerto Cisne', 0),
  (1362, 60, 6, 'Jdo. de Letras del Trabajo de Coyhaique', 0),
  (257, 61, 6, 'Jdo. de Letras y Garantia de Puerto Natales', 0),
  (258, 61, 6, 'Juzgado de Letras y Garantia de Porvenir', 0),
  (1347, 61, 6, 'Jdo. de Letras del Trabajo Punta arenas', 0),
  (1502, 61, 6, 'Jdo. de Letras y Garantía de Puerto Williams', 0),
  (100, 90, 6, 'Otros tribunales', 0),
  (387, 90, 6, 'Jdo. de Letras de Colina', 0),
  (1329, 90, 6, 'Jdo. Cob. Laboral y Previsional de Santiago', 0),
  (373, 91, 6, '1° Juzgado de Letras de Talagante', 0),
  (374, 91, 6, '2° Juzgado de Letras de Talagante', 0),
  (375, 91, 6, '1° Juzgado de Letras de Melipilla', 0),
  (377, 91, 6, '1° Juzgado de Letras de Buin', 0),
  (378, 91, 6, '2° Juzgado de Letras de Buin', 0),
  (388, 91, 6, 'Juzgado de Letras de Peñaflor', 0),
  (1330, 91, 6, 'Jdo. Cob. Laboral y Previsional de San Miguel', 0),
  (1352, 91, 6, 'Jdo. de Letras del Trabajo de San Bernardo', 0),
  (1363, 91, 6, 'Jdo. de Letras del Trabajo de Puente Alto', 0),
  (373, 10, 7, '1° Juzgado de Letras de Talagante', 0),
  (374, 10, 7, '2° Juzgado de Letras de Talagante', 0),
  (375, 10, 7, '1° Juzgado de Letras de Melipilla', 0),
  (377, 10, 7, '1° Juzgado de Letras de Buin', 0),
  (378, 10, 7, '2° Juzgado de Letras de Buin', 0),
  (388, 10, 7, 'Juzgado de Letras de Peñaflor', 0),
  (1330, 10, 7, 'Jdo. Cob. Laboral y Previsional de San Miguel', 0),
  (1352, 10, 7, 'Jdo. de Letras del Trabajo de San Bernardo', 0),
  (1363, 10, 7, 'Jdo. de Letras del Trabajo de Puente Alto', 0);

SET FOREIGN_KEY_CHECKS = 1;

-- Resumen
-- Competencias: 7
-- Cortes: 17
-- Tribunales: 957