{
  "C-27311-2019:SCRAPING_GENERAL": {
    "rit": "C-27311-2019",
    "tipo_error": "SCRAPING_GENERAL",
    "mensaje": "No se encontró el enlace de detalle en la tabla de resultados",
    "stack_trace": "Error: No se encontró el enlace de detalle en la tabla de resultados\n    at openDetalle (/Users/diegomartinez/Documents/carpeta sin título/a/src/form.js:381:13)\n    at async procesarCausa (/Users/diegomartinez/Documents/carpeta sin título/a/src/test/scraper-5-causas.js:434:5)\n    at async main (/Users/diegomartinez/Documents/carpeta sin título/a/src/test/scraper-5-causas.js:665:25)",
    "intentos": 1,
    "primer_intento": "2026-01-27T02:59:57.406Z",
    "ultimo_intento": "2026-01-27T02:59:57.407Z",
    "resuelto": false
  },
  "C-9473-2019:SCRAPING_GENERAL": {
    "rit": "C-9473-2019",
    "tipo_error": "SCRAPING_GENERAL",
    "mensaje": "No se encontró el enlace de detalle en la tabla de resultados",
    "stack_trace": "Error: No se encontró el enlace de detalle en la tabla de resultados\n    at openDetalle (/Users/diegomartinez/Documents/carpeta sin título/a/src/form.js:381:13)\n    at async procesarCausa (/Users/diegomartinez/Documents/carpeta sin título/a/src/test/scraper-5-causas.js:434:5)\n    at async main (/Users/diegomartinez/Documents/carpeta sin título/a/src/test/scraper-5-causas.js:665:25)",
    "intentos": 1,
    "primer_intento": "2026-01-27T03:01:01.775Z",
    "ultimo_intento": "2026-01-27T03:01:01.775Z",
    "resuelto": false
  },
  "C-16322-2017:SCRAPING_GENERAL": {
    "rit": "C-16322-2017",
    "tipo_error": "SCRAPING_GENERAL",
    "mensaje": "No se encontró el enlace de detalle en la tabla de resultados",
    "stack_trace": "Error: No se encontró el enlace de detalle en la tabla de resultados\n    at openDetalle (/Users/diegomartinez/Documents/carpeta sin título/a/src/form.js:381:13)\n    at async procesarCausa (/Users/diegomartinez/Documents/carpeta sin título/a/src/test/scraper-5-causas.js:434:5)\n    at async main (/Users/diegomartinez/Documents/carpeta sin título/a/src/test/scraper-5-causas.js:665:25)",
    "intentos": 1,
    "primer_intento": "2026-01-27T03:01:32.693Z",
    "ultimo_intento": "2026-01-27T03:01:32.693Z",
    "resuelto": false
  }
}