[
  {
    "causa_id": "11",
    "rit": "C-13786-2018",
    "success": true,
    "rol": "13786",
    "fecha": "09/05/2018",
    "caratulado": "ITAU CORPBANCA/HERNÁNDEZ",
    "movimientos": 8,
    "json_path": "/Users/diegomartinez/Documents/carpeta sin título/a/src/outputs/causas/C_13786_2018.json"
  },
  {
    "causa_id": "17",
    "rit": "C-23607-2015",
    "success": false,
    "error": "Modal no se abrió correctamente"
  },
  {
    "causa_id": "22",
    "rit": "C-1731-2017",
    "success": false,
    "error": "Modal no se abrió correctamente"
  },
  {
    "causa_id": "23",
    "rit": "C-23082-2018",
    "success": false,
    "error": "Modal no se abrió correctamente"
  },
  {
    "causa_id": "37",
    "rit": "C-18873-2020",
    "success": false,
    "error": "Modal no se abrió correctamente"
  },
  {
    "causa_id": "47",
    "rit": "C-2067-2022",
    "success": false,
    "error": "No se encontró el enlace de detalle en la tabla de resultados"
  },
  {
    "causa_id": "54",
    "rit": "C-13644-2017",
    "success": false,
    "error": "Modal no se abrió correctamente"
  },
  {
    "causa_id": "55",
    "rit": "C-7338-2022",
    "success": false,
    "error": "Modal no se abrió correctamente"
  },
  {
    "causa_id": "62",
    "rit": "C-3030-2017",
    "success": false,
    "error": "Modal no se abrió correctamente"
  },
  {
    "causa_id": "69",
    "rit": "C-9473-2019",
    "success": false,
    "error": "Modal no se abrió correctamente"
  }
]