Rol;Fecha;Caratulado
13786;;PROMOTORA CMR FALABELLA S.A/YÁ
13786;09/05/2018;ITAU CORPBANCA/HERNÁNDEZ
13786;09/05/2018;ITAU CORPBANCA/HERNÁNDEZ
13786;09/05/2018;ITAU CORPBANCA/HERNÁNDEZ
23607;29/09/2015;BANCO DE CREDITO E INVERSIONES / VARAS
13786;09/05/2018;ITAU CORPBANCA/HERNÁNDEZ
13786;09/05/2018;ITAU CORPBANCA/HERNÁNDEZ
13786;09/05/2018;ITAU CORPBANCA/HERNÁNDEZ
23607;29/09/2015;BANCO DE CREDITO E INVERSIONES / VARAS
1731;27/01/2017;4º Juzgado Civil de Santiago
23082;26/07/2018;ITAU CORPBANCA/ZHUNIO
18873;24/12/2020;DIVISIÓN DE BIENESTAR SOCIAL DE LA FUERZA AÉREA DE CHILE/TRIVIÑO
2067;;RAGGIO/CLÍNICA ALEMANA DE
13644;15/06/2017;SUKARNE s.A. DE c.v./COMPAÑIA CHILENA DE ALIMENTOS S.A.
7338;26/07/2022;BANCO DE ESTADO DE CHILE/MADARIAGA
3030;14/02/2017;BANCO DE CHILE/CEA
9473;13/11/2019;BANCO FALABELLA/AROS
13786;09/05/2018;ITAU CORPBANCA/HERNÁNDEZ
13786;09/05/2018;ITAU CORPBANCA/HERNÁNDEZ
13786;09/05/2018;ITAU CORPBANCA/HERNÁNDEZ
13786;09/05/2018;ITAU CORPBANCA/HERNÁNDEZ
13786;09/05/2018;ITAU CORPBANCA/HERNÁNDEZ
13786;09/05/2018;ITAU CORPBANCA/HERNÁNDEZ
13786;09/05/2018;ITAU CORPBANCA/HERNÁNDEZ
13786;09/05/2018;ITAU CORPBANCA/HERNÁNDEZ
