{
  "rit": "C-3030-2017",
  "metadata": {
    "fecha_procesamiento": "2026-01-27T02:59:26.276Z",
    "total_movimientos": 0,
    "total_partes": 0,
    "tiene_documentos_pdf": false,
    "pdfs_asociados": 0
  },
  "cabecera": {
    "rit": "C-3030-2017",
    "fecha_ingreso": "27/11/2017",
    "caratulado": "ESPINOZA/TRANSPORTES PLAZUELA ECUADOR S.A",
    "juzgado": "5º Juzgado Civil de Valparaíso"
  },
  "estado_actual": {
    "estado": "SIN_INFORMACION",
    "etapa": null,
    "descripcion": "No hay movimientos disponibles",
    "ultimo_movimiento": null,
    "fecha_ultimo_movimiento": null
  },
  "movimientos": [],
  "partes": [],
  "etapas_clasificadas": {},
  "pdfs_info": {
    "pdfMapping": {},
    "descargados": 0,
    "errores": 0
  },
  "ebook": null,
  "cuadernos": null,
  "procesado_en": "2026-01-27T02:59:26.280Z"
}