{
  "causa": {
    "rit": "3030-2017",
    "fecha_ingreso": "27/11/2017",
    "caratulado": "ESPINOZA/TRANSPORTES PLAZUELA ECUADOR S.A",
    "juzgado": "5º Juzgado Civil de Valparaíso"
  },
  "metadata": {
    "fecha_procesamiento": "2026-01-27T11:15:56.834Z",
    "total_movimientos": 0,
    "total_partes": 0,
    "tiene_documentos_pdf": false,
    "pdfs_asociados": 0
  },
  "estado_actual": {
    "estado": "SIN_INFORMACION",
    "etapa": null,
    "descripcion": "No hay movimientos disponibles",
    "ultimo_movimiento": null,
    "fecha_ultimo_movimiento": null
  },
  "movimientos": [],
  "partes": []
}