{
  "causa": {
    "rit": "C_13786_2018",
    "fecha_ingreso": "09/05/2018",
    "caratulado": "ITAU CORPBANCA/HERNÁNDEZ",
    "juzgado": "4º Juzgado Civil de Santiago"
  },
  "metadata": {
    "fecha_procesamiento": "2026-01-27T11:41:12.387Z",
    "total_movimientos": 0,
    "total_partes": 0,
    "tiene_documentos_pdf": false,
    "pdfs_asociados": 0
  },
  "estado_actual": {
    "estado": "SIN_INFORMACION",
    "etapa": null,
    "descripcion": "No hay movimientos disponibles",
    "ultimo_movimiento": null,
    "fecha_ultimo_movimiento": null
  },
  "movimientos": [],
  "partes": []
}