{
  "causa": {
    "rit": "C-123-2020",
    "fecha_ingreso": "06/01/2020",
    "caratulado": "FONDO DE INVERSION PRIVADO ECAPITAL/SOCIEDAD COMERCIALIZADORA M Y C SPA",
    "juzgado": "30º Juzgado Civil de Santiago"
  },
  "metadata": {
    "fecha_procesamiento": "2026-01-27T11:48:14.512Z",
    "total_movimientos": 0,
    "total_partes": 0,
    "tiene_documentos_pdf": false,
    "pdfs_asociados": 0
  },
  "estado_actual": {
    "estado": "SIN_INFORMACION",
    "etapa": null,
    "descripcion": "No hay movimientos disponibles",
    "ultimo_movimiento": null,
    "fecha_ultimo_movimiento": null
  },
  "movimientos": [],
  "partes": []
}