{
  "rit": "C-571-2019",
  "metadata": {
    "fecha_procesamiento": "2026-01-27T03:00:32.304Z",
    "total_movimientos": 0,
    "total_partes": 0,
    "tiene_documentos_pdf": false,
    "pdfs_asociados": 0
  },
  "cabecera": {
    "rit": "C-571-2019",
    "fecha_ingreso": "27/05/2019",
    "caratulado": "HERRERA/LANDERO",
    "juzgado": "Juzgado de Letras de San Javier"
  },
  "estado_actual": {
    "estado": "SIN_INFORMACION",
    "etapa": null,
    "descripcion": "No hay movimientos disponibles",
    "ultimo_movimiento": null,
    "fecha_ultimo_movimiento": null
  },
  "movimientos": [],
  "partes": [],
  "etapas_clasificadas": {},
  "pdfs_info": {
    "pdfMapping": {},
    "descargados": 0,
    "errores": 0
  },
  "ebook": null,
  "cuadernos": null,
  "procesado_en": "2026-01-27T03:00:32.306Z"
}