[
  {
    "texto": [
      "",
      "C-3030-2017",
      "27/11/2017",
      "ESPINOZA/TRANSPORTES PLAZUELA ECUADOR S.A",
      "5º Juzgado Civil de Valparaíso"
    ],
    "datos_limpios": {
      "folio": null,
      "doc": "C-3030-2017",
      "anexo": "27/11/2017",
      "etapa": "ESPINOZA/TRANSPORTES PLAZUELA ECUADOR S.A",
      "tramite": "5º Juzgado Civil de Valparaíso",
      "desc_tramite": null,
      "fecha": null,
      "foja": null,
      "georref": null
    },
    "forms": [],
    "pdfs": [],
    "pdfLinks": []
  },
  {
    "texto": [
      "",
      "C-3030-2017",
      "26/07/2017",
      "CAT ADMINISTRADORA DE TARJETAS S.A./CHARLES",
      "1º Juzgado Civil de Viña del Mar"
    ],
    "datos_limpios": {
      "folio": null,
      "doc": "C-3030-2017",
      "anexo": "26/07/2017",
      "etapa": "CAT ADMINISTRADORA DE TARJETAS S.A./CHARLES",
      "tramite": "1º Juzgado Civil de Viña del Mar",
      "desc_tramite": null,
      "fecha": null,
      "foja": null,
      "georref": null
    },
    "forms": [],
    "pdfs": [],
    "pdfLinks": []
  },
  {
    "texto": [
      "",
      "C-3030-2017",
      "25/11/2017",
      "PAOLA AÑASCO POVEDA Y COMPAÑIA LIMITADA/CONSEJO DE DEFENSA DEL ESTADO",
      "1º Juzgado Civil de Valparaíso"
    ],
    "datos_limpios": {
      "folio": null,
      "doc": "C-3030-2017",
      "anexo": "25/11/2017",
      "etapa": "PAOLA AÑASCO POVEDA Y COMPAÑIA LIMITADA/CONSEJO DE DEFENSA DEL ESTADO",
      "tramite": "1º Juzgado Civil de Valparaíso",
      "desc_tramite": null,
      "fecha": null,
      "foja": null,
      "georref": null
    },
    "forms": [],
    "pdfs": [],
    "pdfLinks": []
  },
  {
    "texto": [
      "",
      "C-3030-2017",
      "24/11/2017",
      "BERNALES/INMOBILIARIA PUANGUE SPA",
      "2º Juzgado Civil de Valparaíso"
    ],
    "datos_limpios": {
      "folio": null,
      "doc": "C-3030-2017",
      "anexo": "24/11/2017",
      "etapa": "BERNALES/INMOBILIARIA PUANGUE SPA",
      "tramite": "2º Juzgado Civil de Valparaíso",
      "desc_tramite": null,
      "fecha": null,
      "foja": null,
      "georref": null
    },
    "forms": [],
    "pdfs": [],
    "pdfLinks": []
  },
  {
    "texto": [
      "",
      "C-3030-2017",
      "23/10/2017",
      "CCAF LOS ANDES/FLORES",
      "Juzgado de Letras de Villa Alemana"
    ],
    "datos_limpios": {
      "folio": null,
      "doc": "C-3030-2017",
      "anexo": "23/10/2017",
      "etapa": "CCAF LOS ANDES/FLORES",
      "tramite": "Juzgado de Letras de Villa Alemana",
      "desc_tramite": null,
      "fecha": null,
      "foja": null,
      "georref": null
    },
    "forms": [],
    "pdfs": [],
    "pdfLinks": []
  },
  {
    "texto": [
      "",
      "C-3030-2017",
      "22/11/2017",
      "BANCO RIPLEY/MENAY",
      "Juzgado de Letras de La Calera"
    ],
    "datos_limpios": {
      "folio": null,
      "doc": "C-3030-2017",
      "anexo": "22/11/2017",
      "etapa": "BANCO RIPLEY/MENAY",
      "tramite": "Juzgado de Letras de La Calera",
      "desc_tramite": null,
      "fecha": null,
      "foja": null,
      "georref": null
    },
    "forms": [],
    "pdfs": [],
    "pdfLinks": []
  }
]