{
  "fecha": "2026-01-27T03:01:32.858Z",
  "causas_procesadas": 5,
  "exitosos": 2,
  "fallidos": 3,
  "saltados": 0,
  "total_movimientos": 0,
  "total_pdfs": 0,
  "total_ebooks": 0,
  "resultados": [
    {
      "rit": "C-3030-2017",
      "success": true,
      "movimientos": 0,
      "pdfs": 0,
      "ebook": false,
      "errores": [],
      "duracion_ms": 31989
    },
    {
      "rit": "C-27311-2019",
      "success": false,
      "movimientos": 0,
      "pdfs": 0,
      "ebook": false,
      "errores": [
        {
          "tipo": "SCRAPING_GENERAL",
          "mensaje": "No se encontró el enlace de detalle en la tabla de resultados",
          "stack": "Error: No se encontró el enlace de detalle en la tabla de resultados\n    at openDetalle (/Users/diegomartinez/Documents/carpeta sin título/a/src/form.js:381:13)\n    at async procesarCausa (/Users/diegomartinez/Documents/carpeta sin título/a/src/test/scraper-5-causas.js:434:5)\n    at async main (/Users/diegomartinez/Documents/carpeta sin título/a/src/test/scraper-5-causas.js:665:25)"
        }
      ],
      "duracion_ms": 26937
    },
    {
      "rit": "C-571-2019",
      "success": true,
      "movimientos": 0,
      "pdfs": 0,
      "ebook": false,
      "errores": [],
      "duracion_ms": 29864
    },
    {
      "rit": "C-9473-2019",
      "success": false,
      "movimientos": 0,
      "pdfs": 0,
      "ebook": false,
      "errores": [
        {
          "tipo": "SCRAPING_GENERAL",
          "mensaje": "No se encontró el enlace de detalle en la tabla de resultados",
          "stack": "Error: No se encontró el enlace de detalle en la tabla de resultados\n    at openDetalle (/Users/diegomartinez/Documents/carpeta sin título/a/src/form.js:381:13)\n    at async procesarCausa (/Users/diegomartinez/Documents/carpeta sin título/a/src/test/scraper-5-causas.js:434:5)\n    at async main (/Users/diegomartinez/Documents/carpeta sin título/a/src/test/scraper-5-causas.js:665:25)"
        }
      ],
      "duracion_ms": 25876
    },
    {
      "rit": "C-16322-2017",
      "success": false,
      "movimientos": 0,
      "pdfs": 0,
      "ebook": false,
      "errores": [
        {
          "tipo": "SCRAPING_GENERAL",
          "mensaje": "No se encontró el enlace de detalle en la tabla de resultados",
          "stack": "Error: No se encontró el enlace de detalle en la tabla de resultados\n    at openDetalle (/Users/diegomartinez/Documents/carpeta sin título/a/src/form.js:381:13)\n    at async procesarCausa (/Users/diegomartinez/Documents/carpeta sin título/a/src/test/scraper-5-causas.js:434:5)\n    at async main (/Users/diegomartinez/Documents/carpeta sin título/a/src/test/scraper-5-causas.js:665:25)"
        }
      ],
      "duracion_ms": 26580
    }
  ]
}