[
  {
    "texto": [
      "",
      "C-13786-2018",
      "09/05/2018",
      "ITAU CORPBANCA/HERNÁNDEZ",
      "4º Juzgado Civil de Santiago"
    ],
    "datos_limpios": {
      "folio": null,
      "doc": "C-13786-2018",
      "anexo": "09/05/2018",
      "etapa": "ITAU CORPBANCA/HERNÁNDEZ",
      "tramite": "4º Juzgado Civil de Santiago",
      "desc_tramite": null,
      "fecha": null,
      "foja": null,
      "georref": null
    },
    "forms": [],
    "pdfs": [],
    "pdfLinks": []
  },
  {
    "texto": [
      "",
      "C-13786-2018",
      "09/05/2018",
      "TANNER SERVICIOS FINANCIEROS S.A./TRAMIN SPA",
      "3º Juzgado Civil de Santiago"
    ],
    "datos_limpios": {
      "folio": null,
      "doc": "C-13786-2018",
      "anexo": "09/05/2018",
      "etapa": "TANNER SERVICIOS FINANCIEROS S.A./TRAMIN SPA",
      "tramite": "3º Juzgado Civil de Santiago",
      "desc_tramite": null,
      "fecha": null,
      "foja": null,
      "georref": null
    },
    "forms": [],
    "pdfs": [],
    "pdfLinks": []
  },
  {
    "texto": [
      "",
      "C-13786-2018",
      "09/05/2018",
      "ITAU CORPBANCA/ESPINOZA",
      "10º Juzgado Civil de Santiago"
    ],
    "datos_limpios": {
      "folio": null,
      "doc": "C-13786-2018",
      "anexo": "09/05/2018",
      "etapa": "ITAU CORPBANCA/ESPINOZA",
      "tramite": "10º Juzgado Civil de Santiago",
      "desc_tramite": null,
      "fecha": null,
      "foja": null,
      "georref": null
    },
    "forms": [],
    "pdfs": [],
    "pdfLinks": []
  },
  {
    "texto": [
      "",
      "C-13786-2018",
      "09/05/2018",
      "BANCO DE CHILE/BAIGORRIA",
      "11º Juzgado Civil de Santiago"
    ],
    "datos_limpios": {
      "folio": null,
      "doc": "C-13786-2018",
      "anexo": "09/05/2018",
      "etapa": "BANCO DE CHILE/BAIGORRIA",
      "tramite": "11º Juzgado Civil de Santiago",
      "desc_tramite": null,
      "fecha": null,
      "foja": null,
      "georref": null
    },
    "forms": [],
    "pdfs": [],
    "pdfLinks": []
  },
  {
    "texto": [
      "",
      "C-13786-2018",
      "09/05/2018",
      "ISPARE COLMENA GOLDEN CROSS S.A./SERVICIOS Y REPUESTOS PANZA LIMITADA",
      "13º Juzgado Civil de Santiago"
    ],
    "datos_limpios": {
      "folio": null,
      "doc": "C-13786-2018",
      "anexo": "09/05/2018",
      "etapa": "ISPARE COLMENA GOLDEN CROSS S.A./SERVICIOS Y REPUESTOS PANZA LIMITADA",
      "tramite": "13º Juzgado Civil de Santiago",
      "desc_tramite": null,
      "fecha": null,
      "foja": null,
      "georref": null
    },
    "forms": [],
    "pdfs": [],
    "pdfLinks": []
  },
  {
    "texto": [
      "",
      "C-13786-2018",
      "09/05/2018",
      "PROMOTORA CMR FALABELLA S.A/YÁÑEZ",
      "8º Juzgado Civil de Santiago"
    ],
    "datos_limpios": {
      "folio": null,
      "doc": "C-13786-2018",
      "anexo": "09/05/2018",
      "etapa": "PROMOTORA CMR FALABELLA S.A/YÁÑEZ",
      "tramite": "8º Juzgado Civil de Santiago",
      "desc_tramite": null,
      "fecha": null,
      "foja": null,
      "georref": null
    },
    "forms": [],
    "pdfs": [],
    "pdfLinks": []
  },
  {
    "texto": [
      "",
      "C-13786-2018",
      "09/05/2018",
      "ITAU CORPBANCA/ITURRIETA",
      "12º Juzgado Civil de Santiago"
    ],
    "datos_limpios": {
      "folio": null,
      "doc": "C-13786-2018",
      "anexo": "09/05/2018",
      "etapa": "ITAU CORPBANCA/ITURRIETA",
      "tramite": "12º Juzgado Civil de Santiago",
      "desc_tramite": null,
      "fecha": null,
      "foja": null,
      "georref": null
    },
    "forms": [],
    "pdfs": [],
    "pdfLinks": []
  },
  {
    "texto": [
      "",
      "C-13786-2018",
      "09/05/2018",
      "TANNER SERVICIOS FINANCIEROS S.A./MIRANDA",
      "15º Juzgado Civil de Santiago"
    ],
    "datos_limpios": {
      "folio": null,
      "doc": "C-13786-2018",
      "anexo": "09/05/2018",
      "etapa": "TANNER SERVICIOS FINANCIEROS S.A./MIRANDA",
      "tramite": "15º Juzgado Civil de Santiago",
      "desc_tramite": null,
      "fecha": null,
      "foja": null,
      "georref": null
    },
    "forms": [],
    "pdfs": [],
    "pdfLinks": []
  }
]